aircraft_name,image_type,source_url,source_domain,local_file_path
A319CJ,exterior,https://chapmanfreeborn.aero/wp-content/uploads/2024/12/Exterior-2-edited-42.jpg,chapmanfreeborn.aero,C:\Users\rajsh\OneDrive\Desktop\MY First PYTHON\Aircraft_Images\A319CJ\exterior_03.jpg
A319CJ,exterior,https://chapmanfreeborn.aero/wp-content/uploads/2024/12/Exterior-3-edited-43.jpg,chapmanfreeborn.aero,C:\Users\rajsh\OneDrive\Desktop\MY First PYTHON\Aircraft_Images\A319CJ\exterior_04.jpg
A319CJ,exterior,https://arius.aero/wp-content/uploads/2020/10/Превью-AIRBUS-A-319-CJ.jpg,arius.aero,C:\Users\rajsh\OneDrive\Desktop\MY First PYTHON\Aircraft_Images\A319CJ\exterior_05.jpg
A319CJ,interior,https://charterscanner.com/media/jet-library/12/large/airbus_319_corporate_jet-int-2.jpg,charterscanner.com,C:\Users\rajsh\OneDrive\Desktop\MY First PYTHON\Aircraft_Images\A319CJ\interior_01.jpg
A319CJ,interior,https://westpalmjetcharter.com/wp-content/uploads/2015/10/Airbus-Corporate-Jet-A319-Interior.png,westpalmjetcharter.com,C:\Users\rajsh\OneDrive\Desktop\MY First PYTHON\Aircraft_Images\A319CJ\interior_02.jpg
A319CJ,interior,https://pbs.twimg.com/media/Fnz89EHXoAAzLX0.jpg,pbs.twimg.com,C:\Users\rajsh\OneDrive\Desktop\MY First PYTHON\Aircraft_Images\A319CJ\interior_03.jpg
A319CJ,interior,https://pbs.twimg.com/media/Fnz89EFWAAIja06.jpg,pbs.twimg.com,C:\Users\rajsh\OneDrive\Desktop\MY First PYTHON\Aircraft_Images\A319CJ\interior_04.jpg
A319CJ,interior,https://static1.simpleflyingimages.com/wordpress/wp-content/uploads/2023/10/fwl_r5-wybakwmm.jpeg,static1.simpleflyingimages.com,C:\Users\rajsh\OneDrive\Desktop\MY First PYTHON\Aircraft_Images\A319CJ\interior_05.jpg
A319CJ,interior,https://charterscanner.com/media/jet-library/12/large/airbus_319_corporate_jet-int-1.jpg,charterscanner.com,C:\Users\rajsh\OneDrive\Desktop\MY First PYTHON\Aircraft_Images\A319CJ\interior_06.jpg
A319CJ,interior,https://static1.simpleflyingimages.com/wordpress/wp-content/uploads/2023/10/fwl_rsyaiaaf9xg.jpeg,static1.simpleflyingimages.com,C:\Users\rajsh\OneDrive\Desktop\MY First PYTHON\Aircraft_Images\A319CJ\interior_07.jpg
A319CJ,interior,https://arius.aero/wp-content/uploads/2020/10/2019-05-06_04-13-28.png,arius.aero,C:\Users\rajsh\OneDrive\Desktop\MY First PYTHON\Aircraft_Images\A319CJ\interior_08.jpg
A319CJ,interior,https://cdn.jetphotos.com/full/5/65894_1663764105.jpg,cdn.jetphotos.com,C:\Users\rajsh\OneDrive\Desktop\MY First PYTHON\Aircraft_Images\A319CJ\interior_09.jpg
A319CJ,interior,https://liveandletsfly.com/wp-content/uploads/2023/11/United-Airlines-A319-First-Class-Review-17.jpeg,liveandletsfly.com,C:\Users\rajsh\OneDrive\Desktop\MY First PYTHON\Aircraft_Images\A319CJ\interior_10.jpg
ALH Dhruv,exterior,https://aerospaceglobalnews.com/wp-content/uploads/2025/12/HAL-DHRUV-NG-helicopter-first-flight-scaled.jpeg,aerospaceglobalnews.com,C:\Users\rajsh\OneDrive\Desktop\MY First PYTHON\Aircraft_Images\ALH Dhruv\exterior_01.jpg
ALH Dhruv,exterior,https://defence.newsd.in/wp-content/uploads/2025/12/HAL-Dhruv-NG-Civil-Helicopter.jpg,defence.newsd.in,C:\Users\rajsh\OneDrive\Desktop\MY First PYTHON\Aircraft_Images\ALH Dhruv\exterior_02.jpg
ALH Dhruv,exterior,https://english.cdn.zeenews.com/sites/default/files/2022/06/13/1053176-iaf-alh-mk-iv-helicopter-4.jpg,english.cdn.zeenews.com,C:\Users\rajsh\OneDrive\Desktop\MY First PYTHON\Aircraft_Images\ALH Dhruv\exterior_03.jpg
ALH Dhruv,exterior,https://i.pinimg.com/originals/f9/62/27/f9622776de87f5dc41a59e41a1912ff4.jpg,i.pinimg.com,C:\Users\rajsh\OneDrive\Desktop\MY First PYTHON\Aircraft_Images\ALH Dhruv\exterior_04.jpg
ALH Dhruv,exterior,https://fighterjetsworld.com/wp-content/uploads/2021/06/HAL-Dhruv-Emergency-Landing.jpg,fighterjetsworld.com,C:\Users\rajsh\OneDrive\Desktop\MY First PYTHON\Aircraft_Images\ALH Dhruv\exterior_05.jpg
ALH Dhruv,interior,https://aviationtoday.in/wp-content/uploads/2025/12/AVIATION-TODAY-RAM-MOHAN-1024x683.jpg,aviationtoday.in,C:\Users\rajsh\OneDrive\Desktop\MY First PYTHON\Aircraft_Images\ALH Dhruv\interior_01.jpg
ALH Dhruv,interior,http://www.bredow-web.de/ILA_2008/Hubschrauber/HAL_DHRUV_-_indischer_Helicopter/HAL_-_Heckansicht.jpg,www.bredow-web.de,C:\Users\rajsh\OneDrive\Desktop\MY First PYTHON\Aircraft_Images\ALH Dhruv\interior_02.jpg
ALH Dhruv,interior,https://aviationsmilitaires.net/media/pictures/indian_navy_hal_dhruv_mk-iii_hovering_Avia_pro.jpg,aviationsmilitaires.net,C:\Users\rajsh\OneDrive\Desktop\MY First PYTHON\Aircraft_Images\ALH Dhruv\interior_03.jpg
ALH Dhruv,interior,https://english.cdn.zeenews.com/sites/default/files/2022/06/13/1053180-iaf-alh-mk-iv-helicopter.jpg,english.cdn.zeenews.com,C:\Users\rajsh\OneDrive\Desktop\MY First PYTHON\Aircraft_Images\ALH Dhruv\interior_04.jpg
ALH Dhruv,interior,https://i.ytimg.com/vi/C0w12fI3lPs/maxresdefault.jpg,i.ytimg.com,C:\Users\rajsh\OneDrive\Desktop\MY First PYTHON\Aircraft_Images\ALH Dhruv\interior_05.jpg
ALH Dhruv,interior,https://aerospaceglobalnews.com/wp-content/uploads/2025/12/HAL-civil-helicopter-Dhruv-NG-1024x683.jpeg,aerospaceglobalnews.com,C:\Users\rajsh\OneDrive\Desktop\MY First PYTHON\Aircraft_Images\ALH Dhruv\interior_06.jpg
ALH Dhruv,interior,https://proptors.com/wp-content/uploads/2023/03/HAL-Dhruv-Helicopter-Indian-Army.jpg,proptors.com,C:\Users\rajsh\OneDrive\Desktop\MY First PYTHON\Aircraft_Images\ALH Dhruv\interior_07.jpg
ALH Dhruv,interior,https://aviationnexus.com/wp-content/uploads/2025/01/1.jpg,aviationnexus.com,C:\Users\rajsh\OneDrive\Desktop\MY First PYTHON\Aircraft_Images\ALH Dhruv\interior_08.jpg
ALH Dhruv,interior,https://aerospaceglobalnews.com/wp-content/uploads/2025/12/HAL-DHRUV-NG-civil-helicopter-768x512.jpeg,aerospaceglobalnews.com,C:\Users\rajsh\OneDrive\Desktop\MY First PYTHON\Aircraft_Images\ALH Dhruv\interior_09.jpg
ALH Dhruv,interior,https://img-s-msn-com.akamaized.net/tenant/amp/entityid/AA1TgMRa.img?w=1920&h=1080&m=4&q=60,img-s-msn-com.akamaized.net,C:\Users\rajsh\OneDrive\Desktop\MY First PYTHON\Aircraft_Images\ALH Dhruv\interior_10.jpg
AS350B3,interior,https://www.chugoku-np.co.jp/stp/Edit/yoshito_matsushige/img/shadow-1-min.jpg,www.chugoku-np.co.jp,C:\Users\rajsh\OneDrive\Desktop\MY First PYTHON\Aircraft_Images\AS350B3\interior_01.jpg
AS350B3,interior,https://www.chugoku-np.co.jp/mwimgs/b/6/1456m/img_b632e7085e21f6354dec47ff04ddd344404963.jpg,www.chugoku-np.co.jp,C:\Users\rajsh\OneDrive\Desktop\MY First PYTHON\Aircraft_Images\AS350B3\interior_02.jpg
AS350B3,interior,https://www.chugoku-np.co.jp/stp/Edit/yoshito_matsushige/img/jp_phone_9-30-11-00.jpg,www.chugoku-np.co.jp,C:\Users\rajsh\OneDrive\Desktop\MY First PYTHON\Aircraft_Images\AS350B3\interior_03.jpg
AS350B3,interior,https://www.chugoku-np.co.jp/mwimgs/0/e/860h/img_0e265eba221a60f0c9d6094e56b972d9123284.jpg,www.chugoku-np.co.jp,C:\Users\rajsh\OneDrive\Desktop\MY First PYTHON\Aircraft_Images\AS350B3\interior_04.jpg
AS350B3,interior,https://blogger.googleusercontent.com/img/b/R29vZ2xl/AVvXsEjlj_Z-uePkZs07nKUbVD5vSSvCOOcEYDLzDEpgEE1-L6xoBtaNzV0NxmERO2itpHZ3pEnfmRWOoStaVx9xUBGpTf2rN-FcLi4mzGO2rr5GMBdqMcuRYzPJKKxXPoY6pEdEkgUi0R4C9LE/s5312/20200901_102315.jpg,blogger.googleusercontent.com,C:\Users\rajsh\OneDrive\Desktop\MY First PYTHON\Aircraft_Images\AS350B3\interior_05.jpg
AS350B3,interior,https://livedoor.blogimg.jp/rosetta1799/imgs/8/2/8239c6f2.jpg,livedoor.blogimg.jp,C:\Users\rajsh\OneDrive\Desktop\MY First PYTHON\Aircraft_Images\AS350B3\interior_06.jpg
AS350B3,interior,https://chugoku-np.ismcdn.jp/mwimgs/7/5/750w/img_75320fe6d4f03c795f2e9b3eb18fdfdb401009.jpg,chugoku-np.ismcdn.jp,C:\Users\rajsh\OneDrive\Desktop\MY First PYTHON\Aircraft_Images\AS350B3\interior_07.jpg
AS350B3,interior,https://www.chugoku-np.co.jp/mwimgs/e/f/860h/img_eff8dbc791f9d01b9e5b1d24f1f21603135421.jpg,www.chugoku-np.co.jp,C:\Users\rajsh\OneDrive\Desktop\MY First PYTHON\Aircraft_Images\AS350B3\interior_08.jpg
AS350B3,interior,https://www.hpam.jp/museum/wp-content/uploads/2020/07/0706松重美人データ中）.jpg,www.hpam.jp,C:\Users\rajsh\OneDrive\Desktop\MY First PYTHON\Aircraft_Images\AS350B3\interior_09.jpg
AS350B3,interior,https://www.yomiuri.co.jp/media/2025/06/20250619-OYT8I50001-1.jpg?type=large,www.yomiuri.co.jp,C:\Users\rajsh\OneDrive\Desktop\MY First PYTHON\Aircraft_Images\AS350B3\interior_10.jpg
AS355,exterior,https://www.phs.com.au/wp-content/uploads/2016/08/AS355F2.jpg,www.phs.com.au,C:\Users\rajsh\OneDrive\Desktop\MY First PYTHON\Aircraft_Images\AS355\exterior_01.jpg
AS355,exterior,https://www.helicopterprivateservices.com/wp-content/uploads/2016/05/Airbus-AS-355.jpg,www.helicopterprivateservices.com,C:\Users\rajsh\OneDrive\Desktop\MY First PYTHON\Aircraft_Images\AS355\exterior_02.jpg
AS355,exterior,https://avpay.aero/wp-content/uploads/2010-Eurocopter-AS355-NP-Turbine-Helicopter-From-Pacific-AirHub-On-AvPay-aircraft-exterior-front-right.jpg,avpay.aero,C:\Users\rajsh\OneDrive\Desktop\MY First PYTHON\Aircraft_Images\AS355\exterior_03.jpg
AS355,exterior,https://airlinesconnection.com/app/uploads/2018/09/airbus-helicopters-as355n-ecureuil-2-exterior-airlines-connection.jpg,airlinesconnection.com,C:\Users\rajsh\OneDrive\Desktop\MY First PYTHON\Aircraft_Images\AS355\exterior_04.jpg
AS355,exterior,https://avpay.aero/wp-content/uploads/2000-Eurocopter-AS355-F2-Turbine-Helicopter-For-Sale-From-Heli-Pro-Helicopter-Service-On-AvPay-exterior-2.jpg,avpay.aero,C:\Users\rajsh\OneDrive\Desktop\MY First PYTHON\Aircraft_Images\AS355\exterior_05.jpg
AS355,interior,https://uniq.la/images/62S7dzcCjr.jpg,uniq.la,C:\Users\rajsh\OneDrive\Desktop\MY First PYTHON\Aircraft_Images\AS355\interior_01.jpg
AS355,interior,https://assets.paramountbusinessjets.com/media/fleet/AS355N.INTERIOR.jpg,assets.paramountbusinessjets.com,C:\Users\rajsh\OneDrive\Desktop\MY First PYTHON\Aircraft_Images\AS355\interior_02.jpg
AS355,interior,https://www.helicopterprivateservices.com/wp-content/uploads/2015/04/IMG_107104748679017.jpeg,www.helicopterprivateservices.com,C:\Users\rajsh\OneDrive\Desktop\MY First PYTHON\Aircraft_Images\AS355\interior_03.jpg
AS355,interior,http://www.transglobalaviation.net/avimages/aircraftlarge/584_4194.jpg,www.transglobalaviation.net,C:\Users\rajsh\OneDrive\Desktop\MY First PYTHON\Aircraft_Images\AS355\interior_04.jpg
AS355,interior,https://tagassets.blob.core.windows.net/media/n3mlhq30/airbus-as355_int1.jpg,tagassets.blob.core.windows.net,C:\Users\rajsh\OneDrive\Desktop\MY First PYTHON\Aircraft_Images\AS355\interior_05.jpg
AS355,interior,https://images.squarespace-cdn.com/content/v1/5fd153aed54b677a1333aca2/77cb855a-6fa3-40b5-92e3-cb5641e3884d/AS355+Interior+1.jpg,images.squarespace-cdn.com,C:\Users\rajsh\OneDrive\Desktop\MY First PYTHON\Aircraft_Images\AS355\interior_06.jpg
AS355,interior,https://uniq.la/images/M5ekNkUGTo.jpg,uniq.la,C:\Users\rajsh\OneDrive\Desktop\MY First PYTHON\Aircraft_Images\AS355\interior_07.jpg
AS355,interior,https://www.aircharter-croatia.com/img/website/aircraft_photos/thumbs/helicopter-croatia-airbus-as355-f2-int1.jpg,www.aircharter-croatia.com,C:\Users\rajsh\OneDrive\Desktop\MY First PYTHON\Aircraft_Images\AS355\interior_08.jpg
AS355,interior,https://andersonair.ca/app/uploads/2025/11/C-FXFX-Int-Cabin-Front-screen-small-900x750.jpg,andersonair.ca,C:\Users\rajsh\OneDrive\Desktop\MY First PYTHON\Aircraft_Images\AS355\interior_09.jpg
AS355,interior,https://aerocorner.com/wp-content/uploads/1381.jpg,aerocorner.com,C:\Users\rajsh\OneDrive\Desktop\MY First PYTHON\Aircraft_Images\AS355\interior_10.jpg
AS365,exterior,https://airlinesconnection.com/app/uploads/2018/10/airbus-helicopters-as365-dauphin-2-exterior-airlines-connection.jpg,airlinesconnection.com,C:\Users\rajsh\OneDrive\Desktop\MY First PYTHON\Aircraft_Images\AS365\exterior_01.jpg
AS365,exterior,http://blueberryaviation.com/wp-content/uploads/2025/11/AH-1238-GORGEOUS-EXTERIOR.jpg,blueberryaviation.com,C:\Users\rajsh\OneDrive\Desktop\MY First PYTHON\Aircraft_Images\AS365\exterior_02.jpg
AS365,exterior,https://www.aeroasset.com/img/pic_big_01/Airbus-AS365N3-6527_01_2022x1130.jpg,www.aeroasset.com,C:\Users\rajsh\OneDrive\Desktop\MY First PYTHON\Aircraft_Images\AS365\exterior_03.jpg
AS365,exterior,https://www.aeroasset.com/img/pic_big_06/Airbus-AS365N3-6527_06_2022x1130.jpg,www.aeroasset.com,C:\Users\rajsh\OneDrive\Desktop\MY First PYTHON\Aircraft_Images\AS365\exterior_04.jpg
AS365,exterior,https://live.staticflickr.com/65535/53360211331_5128097345_b.jpg,live.staticflickr.com,C:\Users\rajsh\OneDrive\Desktop\MY First PYTHON\Aircraft_Images\AS365\exterior_05.jpg
AS365,interior,https://www.helistar.eu/wp-content/uploads/2024/05/as-365_sx-hdy_gallery-1.jpg,www.helistar.eu,C:\Users\rajsh\OneDrive\Desktop\MY First PYTHON\Aircraft_Images\AS365\interior_01.jpg
AS365,interior,https://1.bp.blogspot.com/-_wsR5AWHujg/XgDfcmRaTMI/AAAAAAAADNQ/EE9S8Cy_IEkbw3H2AoFLs-fwMobXCwn2QCEwYBhgL/s640/Airbus-AS365-N3%2B-Dauphin-interior.JPG,1.bp.blogspot.com,C:\Users\rajsh\OneDrive\Desktop\MY First PYTHON\Aircraft_Images\AS365\interior_02.jpg
AS365,interior,https://images.squarespace-cdn.com/content/v1/675ed42a8d8c5826dfb2f71e/b0261542-4651-48a5-a9f7-ef9418dc8443/Airbus+AS365N2+Dauphin+Interior.png?format=2500w,images.squarespace-cdn.com,C:\Users\rajsh\OneDrive\Desktop\MY First PYTHON\Aircraft_Images\AS365\interior_03.jpg
AS365,interior,https://www.beverlyhillsmagazine.com/wp-content/uploads/Beverly-Hills-Magazine-Multipurpose-Helicopter_-The-Eurocopter-AS365-N3-min-780x487.jpg,www.beverlyhillsmagazine.com,C:\Users\rajsh\OneDrive\Desktop\MY First PYTHON\Aircraft_Images\AS365\interior_04.jpg
AS365,interior,https://www.jamesbondlifestyle.com/sites/default/files/styles/fancybox_popup/public/images/product/au059-eurocopter-as365-dauphin-n2-g-lcpl-details.jpg?itok=4-Mm8J87,www.jamesbondlifestyle.com,C:\Users\rajsh\OneDrive\Desktop\MY First PYTHON\Aircraft_Images\AS365\interior_05.jpg
AS365,interior,https://images.aircharterservice.com/global/aircraft-guide/private-charter/eurocopter-as365-2.jpg,images.aircharterservice.com,C:\Users\rajsh\OneDrive\Desktop\MY First PYTHON\Aircraft_Images\AS365\interior_06.jpg
AS365,interior,https://i.pinimg.com/originals/07/f2/ac/07f2acf57449ae327de937a75d256cf9.jpg,i.pinimg.com,C:\Users\rajsh\OneDrive\Desktop\MY First PYTHON\Aircraft_Images\AS365\interior_07.jpg
AS365,interior,https://aviamarket.aero/upload/iblock/85f/bwvmxhgkal3kug0znqh5nu4o6z1crv68.jpg,aviamarket.aero,C:\Users\rajsh\OneDrive\Desktop\MY First PYTHON\Aircraft_Images\AS365\interior_08.jpg
AS365,interior,https://www.aeroasset.com/img/pic_big_09/Airbus-AS365N3-6527_09_2022x1130.jpg,www.aeroasset.com,C:\Users\rajsh\OneDrive\Desktop\MY First PYTHON\Aircraft_Images\AS365\interior_09.jpg
AS365,interior,https://resources.globalair.com/specs/images/Helicopter/Eurocopter/Dauphin/AS365N-3/Interior/05_EurocopterAS365N3_sn6688_i.jpg?w=650&h=430&mode=max,resources.globalair.com,C:\Users\rajsh\OneDrive\Desktop\MY First PYTHON\Aircraft_Images\AS365\interior_10.jpg
AS365N2 Dauphin,exterior,https://avia-dejavu.net/DHOAR.JPG,avia-dejavu.net,C:\Users\rajsh\OneDrive\Desktop\MY First PYTHON\Aircraft_Images\AS365N2 Dauphin\exterior_01.jpg
AS365N2 Dauphin,exterior,https://airlinesconnection.com/app/uploads/2018/10/airbus-helicopters-as365-dauphin-2-exterior-airlines-connection.jpg,airlinesconnection.com,C:\Users\rajsh\OneDrive\Desktop\MY First PYTHON\Aircraft_Images\AS365N2 Dauphin\exterior_02.jpg
AS365N2 Dauphin,exterior,https://live.staticflickr.com/65535/53360211331_5128097345_b.jpg,live.staticflickr.com,C:\Users\rajsh\OneDrive\Desktop\MY First PYTHON\Aircraft_Images\AS365N2 Dauphin\exterior_03.jpg
AS365N2 Dauphin,exterior,http://www.avia-dejavu.net/images/D-HOAR.jpg,www.avia-dejavu.net,C:\Users\rajsh\OneDrive\Desktop\MY First PYTHON\Aircraft_Images\AS365N2 Dauphin\exterior_04.jpg
AS365N2 Dauphin,exterior,https://www.flyfinland.fi/photos/original/18332.jpg,www.flyfinland.fi,C:\Users\rajsh\OneDrive\Desktop\MY First PYTHON\Aircraft_Images\AS365N2 Dauphin\exterior_05.jpg
AS365N2 Dauphin,interior,https://images.squarespace-cdn.com/content/v1/675ed42a8d8c5826dfb2f71e/b0261542-4651-48a5-a9f7-ef9418dc8443/Airbus+AS365N2+Dauphin+Interior.png?format=2500w,images.squarespace-cdn.com,C:\Users\rajsh\OneDrive\Desktop\MY First PYTHON\Aircraft_Images\AS365N2 Dauphin\interior_01.jpg
AS365N2 Dauphin,interior,https://images.aircharterservice.com/global/aircraft-guide/private-charter/eurocopter-as365-2.jpg,images.aircharterservice.com,C:\Users\rajsh\OneDrive\Desktop\MY First PYTHON\Aircraft_Images\AS365N2 Dauphin\interior_02.jpg
AS365N2 Dauphin,interior,https://www.jamesbondlifestyle.com/sites/default/files/images/product/au059-eurocopter-as365-dauphin-n2-g-lcpl-details.jpg,www.jamesbondlifestyle.com,C:\Users\rajsh\OneDrive\Desktop\MY First PYTHON\Aircraft_Images\AS365N2 Dauphin\interior_03.jpg
AS365N2 Dauphin,interior,https://www.helistar.eu/wp-content/uploads/2024/05/as-365_sx-hdy_gallery-1.jpg,www.helistar.eu,C:\Users\rajsh\OneDrive\Desktop\MY First PYTHON\Aircraft_Images\AS365N2 Dauphin\interior_04.jpg
AS365N2 Dauphin,interior,https://1.bp.blogspot.com/-YkMzFCeDkDo/YEVr4opg2lI/AAAAAAAAMTc/TK26DMzdby0mdoRS7-lKBs-LiRLdvN6kwCLcBGAsYHQ/s1920/EUROCOPTER+AS365+DAUPHIN+16.jpg,1.bp.blogspot.com,C:\Users\rajsh\OneDrive\Desktop\MY First PYTHON\Aircraft_Images\AS365N2 Dauphin\interior_05.jpg
AS365N2 Dauphin,interior,https://1.bp.blogspot.com/-_wsR5AWHujg/XgDfcmRaTMI/AAAAAAAADNQ/EE9S8Cy_IEkbw3H2AoFLs-fwMobXCwn2QCEwYBhgL/s640/Airbus-AS365-N3%2B-Dauphin-interior.JPG,1.bp.blogspot.com,C:\Users\rajsh\OneDrive\Desktop\MY First PYTHON\Aircraft_Images\AS365N2 Dauphin\interior_06.jpg
AS365N2 Dauphin,interior,https://preview.free3d.com/img/2017/07/2374235159386916676/1v0qymvu.jpg,preview.free3d.com,C:\Users\rajsh\OneDrive\Desktop\MY First PYTHON\Aircraft_Images\AS365N2 Dauphin\interior_07.jpg
AS365N2 Dauphin,interior,https://aviamarket.aero/upload/iblock/85f/bwvmxhgkal3kug0znqh5nu4o6z1crv68.jpg,aviamarket.aero,C:\Users\rajsh\OneDrive\Desktop\MY First PYTHON\Aircraft_Images\AS365N2 Dauphin\interior_08.jpg
AS365N2 Dauphin,interior,https://i.pinimg.com/originals/07/f2/ac/07f2acf57449ae327de937a75d256cf9.jpg,i.pinimg.com,C:\Users\rajsh\OneDrive\Desktop\MY First PYTHON\Aircraft_Images\AS365N2 Dauphin\interior_09.jpg
AS365N2 Dauphin,interior,https://www.industrialmarinepower.com/products/dauphin-as-365-n2-for-sale_631.jpg,www.industrialmarinepower.com,C:\Users\rajsh\OneDrive\Desktop\MY First PYTHON\Aircraft_Images\AS365N2 Dauphin\interior_10.jpg
AW109,exterior,https://cdn.avbuyer.com/live/uploads/image/372301_372400/aircraft-helicopter-turbine-leonardo-aw109sp-grand-new-372368_7223c4fd3ab532d8.jpg,cdn.avbuyer.com,C:\Users\rajsh\OneDrive\Desktop\MY First PYTHON\Aircraft_Images\AW109\exterior_01.jpg
AW109,exterior,https://jety.com/file/1660144591-EXT2.jpeg,jety.com,C:\Users\rajsh\OneDrive\Desktop\MY First PYTHON\Aircraft_Images\AW109\exterior_02.jpg
AW109,exterior,https://cdn.avbuyer.com/live/uploads/image/371101_371200/aircraft-helicopter-turbine-leonardo-aw109sp-grand-new-371145_ab1191ec5d283059.jpg,cdn.avbuyer.com,C:\Users\rajsh\OneDrive\Desktop\MY First PYTHON\Aircraft_Images\AW109\exterior_03.jpg
AW109,exterior,https://exclases.com/wp-content/uploads/2025/04/aw109grandnew.jpg,exclases.com,C:\Users\rajsh\OneDrive\Desktop\MY First PYTHON\Aircraft_Images\AW109\exterior_04.jpg
AW109,exterior,https://cdn.avbuyer.com/live/uploads/image/362101_362200/aircraft-helicopter-turbine-leonardo-aw109-trekker-362131_1116f4021d7931bc_920X485.jpg,cdn.avbuyer.com,C:\Users\rajsh\OneDrive\Desktop\MY First PYTHON\Aircraft_Images\AW109\exterior_05.jpg
AW139,exterior,https://exclases.com/wp-content/uploads/2020/08/AW139-20-1.jpg,exclases.com,C:\Users\rajsh\OneDrive\Desktop\MY First PYTHON\Aircraft_Images\AW139\exterior_01.jpg
AW139,exterior,https://cdn.avbuyer.com/live/uploads/image/371301_371400/aircraft-helicopter-turbine-leonardo-aw139-371371_235b4ea56f689e3e.jpg,cdn.avbuyer.com,C:\Users\rajsh\OneDrive\Desktop\MY First PYTHON\Aircraft_Images\AW139\exterior_02.jpg
AW139,exterior,https://www.aeroasset.com/img/pic_big_06/Leonardo-AW139-31497_2022x1130_06.jpg,www.aeroasset.com,C:\Users\rajsh\OneDrive\Desktop\MY First PYTHON\Aircraft_Images\AW139\exterior_03.jpg
AW139,exterior,https://kulljet.aero/wp-content/uploads/2022/08/DFKL7eTXUAAFiul-scaled.jpg,kulljet.aero,C:\Users\rajsh\OneDrive\Desktop\MY First PYTHON\Aircraft_Images\AW139\exterior_04.jpg
AW139,exterior,https://jety.com/file/1629719333-KSV-970211.jpeg,jety.com,C:\Users\rajsh\OneDrive\Desktop\MY First PYTHON\Aircraft_Images\AW139\exterior_05.jpg
AW139,interior,https://exclases.com/wp-content/uploads/2020/08/AW139-63-1.jpeg,exclases.com,C:\Users\rajsh\OneDrive\Desktop\MY First PYTHON\Aircraft_Images\AW139\interior_01.jpg
AW139,interior,https://cdn.avbuyer.com/live/uploads/image/373001_373100/aircraft-helicopter-turbine-leonardo-aw139-373017_19e1b71306ebca3d.jpg,cdn.avbuyer.com,C:\Users\rajsh\OneDrive\Desktop\MY First PYTHON\Aircraft_Images\AW139\interior_02.jpg
AW139,interior,https://www.leonardo.com/documents/20142/105411/body_private_executive.jpg/be76e753-798b-53d7-879e-2d5e214ce91a?t=1538988538293,www.leonardo.com,C:\Users\rajsh\OneDrive\Desktop\MY First PYTHON\Aircraft_Images\AW139\interior_03.jpg
AW139,interior,https://www.leonardo.com/documents/15646808/16759643/body_AW139_focus5_720.jpg/d979d517-d3f6-1939-ce19-30909801ed72?t=1549547446896,www.leonardo.com,C:\Users\rajsh\OneDrive\Desktop\MY First PYTHON\Aircraft_Images\AW139\interior_04.jpg
AW139,interior,"https://www.ainonline.com/cdn-cgi/image/width=3840,format=webp,quality=95/https://backend.ainonline.com/sites/default/files/styles/fpsc_1200x630/public/uploads/2023/04/mag_dsc5984i.jpg?h=eb4b6aec&itok=BjwDKUGN",www.ainonline.com,C:\Users\rajsh\OneDrive\Desktop\MY First PYTHON\Aircraft_Images\AW139\interior_05.jpg
AW139,interior,https://cdn.avbuyer.com/live/uploads/image/373101_373200/aircraft-helicopter-turbine-leonardo-aw139-373180_4727e6ae1000f36b.jpg,cdn.avbuyer.com,C:\Users\rajsh\OneDrive\Desktop\MY First PYTHON\Aircraft_Images\AW139\interior_06.jpg
AW139,interior,https://synerjet.com/en/wp-content/uploads/2024/07/aw139_dt02.jpg,synerjet.com,C:\Users\rajsh\OneDrive\Desktop\MY First PYTHON\Aircraft_Images\AW139\interior_07.jpg
AW139,interior,https://www.agusta.com/uploads/media/29af23c03f55de3cee3306cce2cf88fc.jpg,www.agusta.com,C:\Users\rajsh\OneDrive\Desktop\MY First PYTHON\Aircraft_Images\AW139\interior_08.jpg
AW139,interior,https://synerjet.com/en/wp-content/uploads/2024/07/aw139_dt01.jpg,synerjet.com,C:\Users\rajsh\OneDrive\Desktop\MY First PYTHON\Aircraft_Images\AW139\interior_09.jpg
AW139,interior,https://i.pinimg.com/originals/12/0d/72/120d728dfc7f1fd933a06c880622b73e.jpg,i.pinimg.com,C:\Users\rajsh\OneDrive\Desktop\MY First PYTHON\Aircraft_Images\AW139\interior_10.jpg
AW169,exterior,https://cdn.avbuyer.com/live/uploads/image/373601_373700/aircraft-helicopter-turbine-leonardo-aw169-373683_b6f083dba3bc2924.jpg,cdn.avbuyer.com,C:\Users\rajsh\OneDrive\Desktop\MY First PYTHON\Aircraft_Images\AW169\exterior_01.jpg
AW169,exterior,https://avpay.aero/wp-content/uploads/2015-Leonardo-AW169-Turbine-Helicopter-For-Sale-N169R-From-SkyShare-On-AvPay-aircraft-exterior-front-right.jpg,avpay.aero,C:\Users\rajsh\OneDrive\Desktop\MY First PYTHON\Aircraft_Images\AW169\exterior_02.jpg
AW169,exterior,https://cdn.avbuyer.com/live/uploads/image/369301_369400/aircraft-helicopter-turbine-agusta-aw169-369325_ca4143719246f55e.jpg,cdn.avbuyer.com,C:\Users\rajsh\OneDrive\Desktop\MY First PYTHON\Aircraft_Images\AW169\exterior_03.jpg
AW169,exterior,https://cdn.avbuyer.com/live/uploads/image/373601_373700/aircraft-helicopter-turbine-leonardo-aw169-373644_86ffd1eaaa734e66.jpg,cdn.avbuyer.com,C:\Users\rajsh\OneDrive\Desktop\MY First PYTHON\Aircraft_Images\AW169\exterior_04.jpg
AW169,exterior,https://imgproc.airliners.net/photos/airliners/5/0/2/5577205.jpg?v=v42dc07caa69,imgproc.airliners.net,C:\Users\rajsh\OneDrive\Desktop\MY First PYTHON\Aircraft_Images\AW169\exterior_05.jpg
AW169,interior,https://www.lanzavecchia-wai.com/wp-content/uploads/2018/05/LW_AW169_Stream_Cabin_4.jpg,www.lanzavecchia-wai.com,C:\Users\rajsh\OneDrive\Desktop\MY First PYTHON\Aircraft_Images\AW169\interior_01.jpg
AW169,interior,https://www.resgateaeromedico.com.br/wp-content/uploads/2021/03/Ems_foto2_new.jpg,www.resgateaeromedico.com.br,C:\Users\rajsh\OneDrive\Desktop\MY First PYTHON\Aircraft_Images\AW169\interior_02.jpg
AW169,interior,https://www.gamaaviation.com/wp-content/uploads/2024/04/leonardo-aw169-medical-interior.jpg,www.gamaaviation.com,C:\Users\rajsh\OneDrive\Desktop\MY First PYTHON\Aircraft_Images\AW169\interior_03.jpg
AW169,interior,https://aerossurance.com/wp-content/uploads/2015/04/aw169-cabin.png,aerossurance.com,C:\Users\rajsh\OneDrive\Desktop\MY First PYTHON\Aircraft_Images\AW169\interior_04.jpg
AW169,interior,https://www.agusta.com/uploads/media/e9cf4d48322453e646b960d0d9181825.jpg,www.agusta.com,C:\Users\rajsh\OneDrive\Desktop\MY First PYTHON\Aircraft_Images\AW169\interior_05.jpg
AW169,interior,https://i.ytimg.com/vi/J71xxVrQ4s4/maxresdefault.jpg,i.ytimg.com,C:\Users\rajsh\OneDrive\Desktop\MY First PYTHON\Aircraft_Images\AW169\interior_06.jpg
AW169,interior,https://exclases.com/wp-content/uploads/2020/09/nd4_4264.jpg,exclases.com,C:\Users\rajsh\OneDrive\Desktop\MY First PYTHON\Aircraft_Images\AW169\interior_07.jpg
AW169,interior,https://exclases.com/wp-content/uploads/2020/09/img_0291_s.jpg,exclases.com,C:\Users\rajsh\OneDrive\Desktop\MY First PYTHON\Aircraft_Images\AW169\interior_08.jpg
AW169,interior,https://cdn.avbuyer.com/live/uploads/image/362801_362900/aircraft-helicopter-turbine-leonardo-aw169-362889_10bc8fac97cbe90f.jpg,cdn.avbuyer.com,C:\Users\rajsh\OneDrive\Desktop\MY First PYTHON\Aircraft_Images\AW169\interior_09.jpg
AW169,interior,https://www.agusta.com/uploads/media/46a6da5ee0d0249f3fab6195b7c28282.jpg,www.agusta.com,C:\Users\rajsh\OneDrive\Desktop\MY First PYTHON\Aircraft_Images\AW169\interior_10.jpg
Airbus H145,exterior,https://cdn.avbuyer.com/live/uploads/image/369801_369900/aircraft-helicopter-turbine-airbus-h145-369854_a5a3c6bccd5a5236.jpg,cdn.avbuyer.com,C:\Users\rajsh\OneDrive\Desktop\MY First PYTHON\Aircraft_Images\Airbus H145\exterior_01.jpg
Airbus H145,exterior,https://imgproc.airliners.net/photos/airliners/3/8/9/6072983.jpg?v=v4f9b070197a,imgproc.airliners.net,C:\Users\rajsh\OneDrive\Desktop\MY First PYTHON\Aircraft_Images\Airbus H145\exterior_02.jpg
Airbus H145,exterior,https://bjtonline.com/sites/default/files/aircraft/2015_h145_data_acquisition-1.jpg,bjtonline.com,C:\Users\rajsh\OneDrive\Desktop\MY First PYTHON\Aircraft_Images\Airbus H145\exterior_03.jpg
Airbus H145,exterior,https://i.thedefensepost.com/wp-content/uploads/2025/05/Gq0UOvRWQAAnomS-scaled.jpg,i.thedefensepost.com,C:\Users\rajsh\OneDrive\Desktop\MY First PYTHON\Aircraft_Images\Airbus H145\exterior_04.jpg
Airbus H145,exterior,https://www.aeroasset.com/img/pic_big_01/H145D2-20028_01_2022x1130.jpg,www.aeroasset.com,C:\Users\rajsh\OneDrive\Desktop\MY First PYTHON\Aircraft_Images\Airbus H145\exterior_05.jpg
B737,exterior,"https://i1.wp.com/starrluxuryjets.com/wp-content/uploads/2020/07/SLJ-Boeing-737-Business-Jet-exterior-800x600-1.jpg?fit=800,600&ssl=1",i1.wp.com,C:\Users\rajsh\OneDrive\Desktop\MY First PYTHON\Aircraft_Images\B737\exterior_01.jpg
B737,exterior,https://www.airlinereporter.com/wp-content/uploads/2012/03/outsideBBJ737.jpg,www.airlinereporter.com,C:\Users\rajsh\OneDrive\Desktop\MY First PYTHON\Aircraft_Images\B737\exterior_02.jpg
B737,exterior,https://cdn.planespotters.net/14597/vq-bta-jet-aviation-business-jets-boeing-737-7p3-bbj_PlanespottersNet_470973_0f72075ad8_o.jpg,cdn.planespotters.net,C:\Users\rajsh\OneDrive\Desktop\MY First PYTHON\Aircraft_Images\B737\exterior_03.jpg
B737,exterior,https://charterscanner.com/media/jet-library/27/large/boeing_business_jet-ext-1.jpg,charterscanner.com,C:\Users\rajsh\OneDrive\Desktop\MY First PYTHON\Aircraft_Images\B737\exterior_04.jpg
B737,exterior,https://tvd.im/zb/5832_1.jpg,tvd.im,C:\Users\rajsh\OneDrive\Desktop\MY First PYTHON\Aircraft_Images\B737\exterior_05.jpg
B737,interior,https://www.indiastrategic.in/wp-content/uploads/2023/10/LOWRES_BBJ_Cabin_Interior_Serene_Style_1.jpg,www.indiastrategic.in,C:\Users\rajsh\OneDrive\Desktop\MY First PYTHON\Aircraft_Images\B737\interior_01.jpg
B737,interior,https://www.airlinereporter.com/wp-content/uploads/2012/03/BBJ7371.jpg,www.airlinereporter.com,C:\Users\rajsh\OneDrive\Desktop\MY First PYTHON\Aircraft_Images\B737\interior_02.jpg
B737,interior,https://businessjets.boeing.com/wp-content/uploads/2023/10/04-BBJ_Final_View2.jpg,businessjets.boeing.com,C:\Users\rajsh\OneDrive\Desktop\MY First PYTHON\Aircraft_Images\B737\interior_03.jpg
B737,interior,https://monarchairgroup.com/wp-content/uploads/2021/06/boeing-business-jet-interior.jpg,monarchairgroup.com,C:\Users\rajsh\OneDrive\Desktop\MY First PYTHON\Aircraft_Images\B737\interior_04.jpg
B737,interior,https://www.aerotime.aero/images/klasjet_bbj2_1-800x500.jpg,www.aerotime.aero,C:\Users\rajsh\OneDrive\Desktop\MY First PYTHON\Aircraft_Images\B737\interior_05.jpg
B737,interior,https://charterjetone.com/wp-content/uploads/2016/02/bbj2.jpg,charterjetone.com,C:\Users\rajsh\OneDrive\Desktop\MY First PYTHON\Aircraft_Images\B737\interior_06.jpg
B737,interior,https://news.delta.com/sites/default/files/2022-07/737-900_4.jpg,news.delta.com,C:\Users\rajsh\OneDrive\Desktop\MY First PYTHON\Aircraft_Images\B737\interior_07.jpg
B737,interior,https://l450v.alamy.com/450v/w6dany/interior-view-of-the-cabin-of-a-737-700-jet-airliner-of-bbj-boeing-business-jet-on-display-ahead-of-the-2018-asian-business-aviation-conference-and-w6dany.jpg,l450v.alamy.com,C:\Users\rajsh\OneDrive\Desktop\MY First PYTHON\Aircraft_Images\B737\interior_08.jpg
B737,interior,https://c8.alamy.com/comp/W6DAT5/interior-view-of-the-cabin-of-a-737-700-jet-airliner-of-bbj-boeing-business-jet-on-display-ahead-of-the-2018-asian-business-aviation-conference-and-W6DAT5.jpg,c8.alamy.com,C:\Users\rajsh\OneDrive\Desktop\MY First PYTHON\Aircraft_Images\B737\interior_09.jpg
B737,interior,https://www.bjtonline.com/sites/bjtonline.com/files/styles/bjt30_article_body/public/bbj3_credit-jet-aviation.jpg?itok=kXzw4lYd,www.bjtonline.com,C:\Users\rajsh\OneDrive\Desktop\MY First PYTHON\Aircraft_Images\B737\interior_10.jpg
BBJ Boeing Business Jet,exterior,https://westpalmjetcharter.com/wp-content/uploads/2015/10/Boeing-BBJ-Exterior.png,westpalmjetcharter.com,C:\Users\rajsh\OneDrive\Desktop\MY First PYTHON\Aircraft_Images\BBJ Boeing Business Jet\exterior_01.jpg
BBJ Boeing Business Jet,exterior,https://chapmanfreeborn.aero/wp-content/uploads/2024/12/Exterior-1-edited-1-8.jpg,chapmanfreeborn.aero,C:\Users\rajsh\OneDrive\Desktop\MY First PYTHON\Aircraft_Images\BBJ Boeing Business Jet\exterior_02.jpg
BBJ Boeing Business Jet,exterior,http://2.bp.blogspot.com/-_erbKE_IpWo/TZlg_MZ-oNI/AAAAAAAAAiY/gHDMsitewC8/s1600/boeing-business-jet.jpg,2.bp.blogspot.com,C:\Users\rajsh\OneDrive\Desktop\MY First PYTHON\Aircraft_Images\BBJ Boeing Business Jet\exterior_03.jpg
BBJ Boeing Business Jet,exterior,https://vipcompletions.com/wp-content/uploads/BBJ-777X-VIP-exterior-4-scaled.jpg,vipcompletions.com,C:\Users\rajsh\OneDrive\Desktop\MY First PYTHON\Aircraft_Images\BBJ Boeing Business Jet\exterior_04.jpg
BBJ Boeing Business Jet,exterior,https://jetsetters-aviation.com/wp-content/uploads/BBJ-600x400.jpeg,jetsetters-aviation.com,C:\Users\rajsh\OneDrive\Desktop\MY First PYTHON\Aircraft_Images\BBJ Boeing Business Jet\exterior_05.jpg
BBJ Boeing Business Jet,interior,https://businessjets.boeing.com/wp-content/uploads/2024/05/BBJ-Select-737-7-FWD_lounge_B_serene.jpg,businessjets.boeing.com,C:\Users\rajsh\OneDrive\Desktop\MY First PYTHON\Aircraft_Images\BBJ Boeing Business Jet\interior_01.jpg
BBJ Boeing Business Jet,interior,https://www.airlinereporter.com/wp-content/uploads/2012/03/BBJ7371.jpg,www.airlinereporter.com,C:\Users\rajsh\OneDrive\Desktop\MY First PYTHON\Aircraft_Images\BBJ Boeing Business Jet\interior_02.jpg
BBJ Boeing Business Jet,interior,https://www.bjtonline.com/sites/bjtonline.com/files/styles/bjt30_article_body/public/bbj3_credit-jet-aviation.jpg?itok=kXzw4lYd,www.bjtonline.com,C:\Users\rajsh\OneDrive\Desktop\MY First PYTHON\Aircraft_Images\BBJ Boeing Business Jet\interior_03.jpg
BBJ Boeing Business Jet,interior,https://afterburner.com.pl/wp-content/uploads/2023/10/BBJ_Cabin_Interior_Serene_Style-1024x576.jpg,afterburner.com.pl,C:\Users\rajsh\OneDrive\Desktop\MY First PYTHON\Aircraft_Images\BBJ Boeing Business Jet\interior_04.jpg
BBJ Boeing Business Jet,interior,https://www.breakingtravelnews.com/images/uploads/airline/Resize_Jet_Aviation_BBJ_777X_-_Majlis.jpg,www.breakingtravelnews.com,C:\Users\rajsh\OneDrive\Desktop\MY First PYTHON\Aircraft_Images\BBJ Boeing Business Jet\interior_05.jpg
BBJ Boeing Business Jet,interior,https://businessjets.boeing.com/wp-content/uploads/2023/10/04-BBJ_Final_View2.jpg,businessjets.boeing.com,C:\Users\rajsh\OneDrive\Desktop\MY First PYTHON\Aircraft_Images\BBJ Boeing Business Jet\interior_06.jpg
BBJ Boeing Business Jet,interior,https://aviationaircraftphoto.com/wp-content/uploads/2025/05/NZ8_2402-Editc-1.jpg,aviationaircraftphoto.com,C:\Users\rajsh\OneDrive\Desktop\MY First PYTHON\Aircraft_Images\BBJ Boeing Business Jet\interior_07.jpg
BBJ Boeing Business Jet,interior,https://c8.alamy.com/comp/W6DAEK/interior-view-of-the-cabin-of-a-737-700-jet-airliner-of-bbj-boeing-business-jet-on-display-ahead-of-the-2018-asian-business-aviation-conference-and-W6DAEK.jpg,c8.alamy.com,C:\Users\rajsh\OneDrive\Desktop\MY First PYTHON\Aircraft_Images\BBJ Boeing Business Jet\interior_08.jpg
BBJ Boeing Business Jet,interior,https://c8.alamy.com/comp/W6DATX/interior-view-of-the-cabin-of-a-737-700-jet-airliner-of-bbj-boeing-business-jet-on-display-ahead-of-the-2018-asian-business-aviation-conference-and-W6DATX.jpg,c8.alamy.com,C:\Users\rajsh\OneDrive\Desktop\MY First PYTHON\Aircraft_Images\BBJ Boeing Business Jet\interior_09.jpg
BBJ Boeing Business Jet,interior,https://businessjets.boeing.com/wp-content/uploads/2023/10/BBJ_Select_AFT_Lounge_EARTHBOUND_BCC.jpg,businessjets.boeing.com,C:\Users\rajsh\OneDrive\Desktop\MY First PYTHON\Aircraft_Images\BBJ Boeing Business Jet\interior_10.jpg
BD-100 Challenger 300,exterior,https://bombardier.com/sites/default/files/styles/gallery_media_slideshow_desktop/public/2026-01/Challenger+300+20414+Exterior+2.jpg.webp?itok=DJ-I2JfW,bombardier.com,C:\Users\rajsh\OneDrive\Desktop\MY First PYTHON\Aircraft_Images\BD-100 Challenger 300\exterior_01.jpg
BD-100 Challenger 300,exterior,https://bombardier.com/sites/default/files/styles/meta_image/public/styles/meta_image/public/2025-04/Challenger+300+20158+Exterior_1.jpg.webp?itok=aAjwc75y,bombardier.com,C:\Users\rajsh\OneDrive\Desktop\MY First PYTHON\Aircraft_Images\BD-100 Challenger 300\exterior_02.jpg
BD-100 Challenger 300,exterior,https://cdn.avbuyer.com/live/uploads/image/370701_370800/aircraft-private-jets-bombardier-challenger-300-370733_d62876a531eaf91e.jpg,cdn.avbuyer.com,C:\Users\rajsh\OneDrive\Desktop\MY First PYTHON\Aircraft_Images\BD-100 Challenger 300\exterior_03.jpg
BD-100 Challenger 300,exterior,https://l33jets.com/wp-content/uploads/2022/11/N286JR-Exterior-2reduced-6.jpg,l33jets.com,C:\Users\rajsh\OneDrive\Desktop\MY First PYTHON\Aircraft_Images\BD-100 Challenger 300\exterior_04.jpg
BD-100 Challenger 300,exterior,https://www.jetaviva.com/wp-content/uploads/2025/02/©dbfoto-Exterior9.jpg,www.jetaviva.com,C:\Users\rajsh\OneDrive\Desktop\MY First PYTHON\Aircraft_Images\BD-100 Challenger 300\exterior_05.jpg
BD-100 Challenger 300,interior,https://bombardier.com/sites/default/files/styles/gallery_media_slideshow_desktop/public/2026-01/Challenger+300+20414+Cabin+1_0.jpg.webp?itok=XB6WQwMY,bombardier.com,C:\Users\rajsh\OneDrive\Desktop\MY First PYTHON\Aircraft_Images\BD-100 Challenger 300\interior_01.jpg
BD-100 Challenger 300,interior,https://privatejetforsale.com/wp-content/uploads/2025/09/Challenger-300-Interiors-500x333.jpg,privatejetforsale.com,C:\Users\rajsh\OneDrive\Desktop\MY First PYTHON\Aircraft_Images\BD-100 Challenger 300\interior_02.jpg
BD-100 Challenger 300,interior,https://www.jetaviva.com/aircraft/2011-bombardier-challenger-300/Cabin6_jyuxaf.jpg,www.jetaviva.com,C:\Users\rajsh\OneDrive\Desktop\MY First PYTHON\Aircraft_Images\BD-100 Challenger 300\interior_03.jpg
BD-100 Challenger 300,interior,https://jetsplore.com/wp-content/uploads/2022/06/CHALLENGER-300-B2.jpg,jetsplore.com,C:\Users\rajsh\OneDrive\Desktop\MY First PYTHON\Aircraft_Images\BD-100 Challenger 300\interior_04.jpg
BD-100 Challenger 300,interior,https://westpalmjetcharter.com/wp-content/uploads/2015/10/Bombardier-Challenger-300-Interior.png,westpalmjetcharter.com,C:\Users\rajsh\OneDrive\Desktop\MY First PYTHON\Aircraft_Images\BD-100 Challenger 300\interior_05.jpg
BD-100 Challenger 300,interior,https://static0.simpleflyingimages.com/wordpress/wp-content/uploads/2023/12/326546126353456254.png?q=49&fit=crop&w=825&dpr=2,static0.simpleflyingimages.com,C:\Users\rajsh\OneDrive\Desktop\MY First PYTHON\Aircraft_Images\BD-100 Challenger 300\interior_06.jpg
BD-100 Challenger 300,interior,https://aircraft.mira-aviation.com/media/2022/03/Bombardier-Challenger-300-45-1024x683.jpeg,aircraft.mira-aviation.com,C:\Users\rajsh\OneDrive\Desktop\MY First PYTHON\Aircraft_Images\BD-100 Challenger 300\interior_07.jpg
BD-100 Challenger 300,interior,https://avpay.aero/wp-content/uploads/2010-Bombardier-Challenger-300-For-Sale-In-Austria-OE-HCA-From-AVIONMAR-On-AvPay-aircraft-interior-mid-cabin-looking-aft.jpg,avpay.aero,C:\Users\rajsh\OneDrive\Desktop\MY First PYTHON\Aircraft_Images\BD-100 Challenger 300\interior_08.jpg
BD-100 Challenger 300,interior,https://airlinesconnection.com/app/uploads/2018/09/bombardier-challenger-cl300-interior-airlines-connection-1.jpg,airlinesconnection.com,C:\Users\rajsh\OneDrive\Desktop\MY First PYTHON\Aircraft_Images\BD-100 Challenger 300\interior_09.jpg
BD-100 Challenger 300,interior,https://www.vip-charter-service.com/Airplanes/Bombardier-Challenger-300/Bombardier-Challenger-300-Interior2.jpg,www.vip-charter-service.com,C:\Users\rajsh\OneDrive\Desktop\MY First PYTHON\Aircraft_Images\BD-100 Challenger 300\interior_10.jpg
BD-700 Global Express,exterior,https://www.jetfinder.com/wp-content/uploads/2023/10/bombardier-global-5000-exterior-1200x628-1.jpg,www.jetfinder.com,C:\Users\rajsh\OneDrive\Desktop\MY First PYTHON\Aircraft_Images\BD-700 Global Express\exterior_01.jpg
BD-700 Global Express,exterior,https://cdn.avbuyer.com/live/uploads/image/368601_368700/aircraft-private-jets-bombardier-global-express-xrs-368612_775560d870f7bf7c.jpg,cdn.avbuyer.com,C:\Users\rajsh\OneDrive\Desktop\MY First PYTHON\Aircraft_Images\BD-700 Global Express\exterior_02.jpg
BD-700 Global Express,exterior,https://cdn.avbuyer.com/live/uploads/image/369101_369200/aircraft-private-jets-bombardier-global-express-369139_a95bd55c72910ac0.jpg,cdn.avbuyer.com,C:\Users\rajsh\OneDrive\Desktop\MY First PYTHON\Aircraft_Images\BD-700 Global Express\exterior_03.jpg
BD-700 Global Express,exterior,https://globaljetcentre.com/wp-content/uploads/2023/04/Global-Express-Exterior-1.jpg,globaljetcentre.com,C:\Users\rajsh\OneDrive\Desktop\MY First PYTHON\Aircraft_Images\BD-700 Global Express\exterior_04.jpg
BD-700 Global Express,exterior,https://images.squarespace-cdn.com/content/v1/6256faea122af515bc86c0b2/1649961507183-DJ95ISP2BHMBSEW7KWQJ/Bombardier-Global-Express-XRS-Exterior-e1475781728398-1024x481.jpg,images.squarespace-cdn.com,C:\Users\rajsh\OneDrive\Desktop\MY First PYTHON\Aircraft_Images\BD-700 Global Express\exterior_05.jpg
BD-700 Global Express,interior,https://i.pinimg.com/originals/a3/33/6c/a3336c5896a2011489f60c913b52bf7c.jpg,i.pinimg.com,C:\Users\rajsh\OneDrive\Desktop\MY First PYTHON\Aircraft_Images\BD-700 Global Express\interior_01.jpg
BD-700 Global Express,interior,https://jetsplore.com/wp-content/uploads/2022/06/GLOBAL-EXPRESS-XRS-B2.jpg,jetsplore.com,C:\Users\rajsh\OneDrive\Desktop\MY First PYTHON\Aircraft_Images\BD-700 Global Express\interior_02.jpg
BD-700 Global Express,interior,https://www.claylacy.com/wp-content/uploads/2016/09/BGE-E5C2951.jpg,www.claylacy.com,C:\Users\rajsh\OneDrive\Desktop\MY First PYTHON\Aircraft_Images\BD-700 Global Express\interior_03.jpg
BD-700 Global Express,interior,https://www.claylacy.com/wp-content/uploads/2016/09/Global-Express-04.jpg,www.claylacy.com,C:\Users\rajsh\OneDrive\Desktop\MY First PYTHON\Aircraft_Images\BD-700 Global Express\interior_04.jpg
BD-700 Global Express,interior,https://images.aircharterservice.com/global/aircraft-guide/private-charter/bombardier-global-express-5.jpg,images.aircharterservice.com,C:\Users\rajsh\OneDrive\Desktop\MY First PYTHON\Aircraft_Images\BD-700 Global Express\interior_05.jpg
BD-700 Global Express,interior,https://static0.simpleflyingimages.com/wordpress/wp-content/uploads/2023/11/bombardier-global-6500-interior.jpeg?q=49&fit=crop&w=825&dpr=2,static0.simpleflyingimages.com,C:\Users\rajsh\OneDrive\Desktop\MY First PYTHON\Aircraft_Images\BD-700 Global Express\interior_06.jpg
BD-700 Global Express,interior,https://haute-aviation.com/wp-content/uploads/2024/05/bombardier-global-express-interior-01-768x512.webp,haute-aviation.com,C:\Users\rajsh\OneDrive\Desktop\MY First PYTHON\Aircraft_Images\BD-700 Global Express\interior_07.jpg
BD-700 Global Express,interior,https://aircraft.mira-aviation.com/media/2022/03/Bombardier-Global-Express-2.jpeg,aircraft.mira-aviation.com,C:\Users\rajsh\OneDrive\Desktop\MY First PYTHON\Aircraft_Images\BD-700 Global Express\interior_08.jpg
BD-700 Global Express,interior,http://www.axonaviation.com/images/uploads/Interior_II.jpg,www.axonaviation.com,C:\Users\rajsh\OneDrive\Desktop\MY First PYTHON\Aircraft_Images\BD-700 Global Express\interior_09.jpg
BD-700 Global Express,interior,http://imgproc.airliners.net/photos/airliners/8/7/4/2347478.jpg?v=v40,imgproc.airliners.net,C:\Users\rajsh\OneDrive\Desktop\MY First PYTHON\Aircraft_Images\BD-700 Global Express\interior_10.jpg
Bell 206,exterior,https://assets.helitrader.com/wp-content/uploads/2025/08/C-GPEZ-Exterior-Edited--1568x1375.jpg,assets.helitrader.com,C:\Users\rajsh\OneDrive\Desktop\MY First PYTHON\Aircraft_Images\Bell 206\exterior_01.jpg
Bell 206,exterior,https://cdn.avbuyer.com/live/uploads/image/372001_372100/aircraft-helicopter-turbine-bell-helicopters-206b-iii-372036_b4f5cfb733391d6d.jpg,cdn.avbuyer.com,C:\Users\rajsh\OneDrive\Desktop\MY First PYTHON\Aircraft_Images\Bell 206\exterior_02.jpg
Bell 206,exterior,https://cdn.avbuyer.com/live/uploads/image/371001_371100/aircraft-helicopter-turbine-bell-helicopters-206b-iii-371090_e2aada5cb317b738.jpg,cdn.avbuyer.com,C:\Users\rajsh\OneDrive\Desktop\MY First PYTHON\Aircraft_Images\Bell 206\exterior_03.jpg
Bell 206,exterior,https://avpay.aero/wp-content/uploads/1995-Bell-206-BIII-Turbine-Helicopter-For-Sale-From-Pacific-AirHub-On-AvPay-aircraft-exterior-right-side.jpg,avpay.aero,C:\Users\rajsh\OneDrive\Desktop\MY First PYTHON\Aircraft_Images\Bell 206\exterior_04.jpg
Bell 206,exterior,https://avpay.aero/wp-content/uploads/1996-Bell-206-L4-Turbine-Helicopter-For-Sale-By-Pacific-AirHub-On-AvPay-aircraft-exterior-front-left.png,avpay.aero,C:\Users\rajsh\OneDrive\Desktop\MY First PYTHON\Aircraft_Images\Bell 206\exterior_05.jpg
Bell 206,interior,https://www.helicopterprivateservices.com/wp-content/uploads/2015/04/BELL-206L3-INTERIOR-630x420.jpg,www.helicopterprivateservices.com,C:\Users\rajsh\OneDrive\Desktop\MY First PYTHON\Aircraft_Images\Bell 206\interior_01.jpg
Bell 206,interior,https://www.helicoptercharters.co.za/wp-content/uploads/2022/05/BELL-206-SEATING-Copy.jpg,www.helicoptercharters.co.za,C:\Users\rajsh\OneDrive\Desktop\MY First PYTHON\Aircraft_Images\Bell 206\interior_02.jpg
Bell 206,interior,https://cdn.avbuyer.com/live/uploads/image/366801_366900/aircraft-helicopter-turbine-bell-helicopters-206l-366893_6a70b2aac4305117.jpg,cdn.avbuyer.com,C:\Users\rajsh\OneDrive\Desktop\MY First PYTHON\Aircraft_Images\Bell 206\interior_03.jpg
Bell 206,interior,https://images.squarespace-cdn.com/content/v1/5e66515454ac2429fa3b81fb/1592595112314-Z55NF93ZKDKJ13J2C1F9/IMG_0623.jpg,images.squarespace-cdn.com,C:\Users\rajsh\OneDrive\Desktop\MY First PYTHON\Aircraft_Images\Bell 206\interior_04.jpg
Bell 206,interior,https://www.helicopterbuyer.com/userfiles/files/Bell_206L4_-_Cabin_1(1514).jpg,www.helicopterbuyer.com,C:\Users\rajsh\OneDrive\Desktop\MY First PYTHON\Aircraft_Images\Bell 206\interior_05.jpg
Bell 206,interior,https://www.helicopterbuyer.com/userfiles/files/Interior(776).jpg,www.helicopterbuyer.com,C:\Users\rajsh\OneDrive\Desktop\MY First PYTHON\Aircraft_Images\Bell 206\interior_06.jpg
Bell 206,interior,https://www.helicopterbuyer.com/userfiles/files/Bell_206L4_-_Cabin_2(1515).jpg,www.helicopterbuyer.com,C:\Users\rajsh\OneDrive\Desktop\MY First PYTHON\Aircraft_Images\Bell 206\interior_07.jpg
Bell 206,interior,https://www.saltair.co.nz/wp-content/uploads/2010/11/Bell-206L3-interior-1.jpg,www.saltair.co.nz,C:\Users\rajsh\OneDrive\Desktop\MY First PYTHON\Aircraft_Images\Bell 206\interior_08.jpg
Bell 206,interior,https://www.saltair.co.nz/wp-content/uploads/2010/11/Bell-206L3-interior-3.jpg,www.saltair.co.nz,C:\Users\rajsh\OneDrive\Desktop\MY First PYTHON\Aircraft_Images\Bell 206\interior_09.jpg
Bell 206,interior,https://www.saltair.co.nz/wp-content/uploads/2010/11/Bell-206L3-interior-2.jpg,www.saltair.co.nz,C:\Users\rajsh\OneDrive\Desktop\MY First PYTHON\Aircraft_Images\Bell 206\interior_10.jpg
Bell 407,exterior,https://resources.globalair.com/aircraftforsale/images/ads/136960_20_Bell407GXi_sn54918-Ext1.jpg?h=530&bgcolor=white,resources.globalair.com,C:\Users\rajsh\OneDrive\Desktop\MY First PYTHON\Aircraft_Images\Bell 407\exterior_01.jpg
Bell 407,exterior,https://www.meridianhelicopters.com/wp-content/uploads/2015/06/FOR-SALE-Bell-Helicopter-407-C-FMML-Exterior-2.jpg,www.meridianhelicopters.com,C:\Users\rajsh\OneDrive\Desktop\MY First PYTHON\Aircraft_Images\Bell 407\exterior_02.jpg
Bell 407,exterior,https://www.aso.com/uploads/acImages/200944/1_20.jpg?sz=Max,www.aso.com,C:\Users\rajsh\OneDrive\Desktop\MY First PYTHON\Aircraft_Images\Bell 407\exterior_03.jpg
Bell 407,exterior,https://avpay.aero/wp-content/uploads/1996-Bell-407-Turbine-Helicopter-For-Sale-From-Aviation-X-on-AvPay-aircraft-exterior-right-side.jpg,avpay.aero,C:\Users\rajsh\OneDrive\Desktop\MY First PYTHON\Aircraft_Images\Bell 407\exterior_04.jpg
Bell 407,exterior,https://southfloridahelicopter.com/wp-content/uploads/2019/12/407-exterior.png,southfloridahelicopter.com,C:\Users\rajsh\OneDrive\Desktop\MY First PYTHON\Aircraft_Images\Bell 407\exterior_05.jpg
Bell 407,interior,https://www.bellflight.com/-/media/site-specific/bell-flight/images/2-products/bell-407/images/bell407gx_booysen.jpg?la=en&h=400&w=600&mw=600&hash=BB0C4D8621E01C60F99F0BF6F65F6018,www.bellflight.com,C:\Users\rajsh\OneDrive\Desktop\MY First PYTHON\Aircraft_Images\Bell 407\interior_01.jpg
Bell 407,interior,https://aircharterservice-globalcontent-live.cphostaccess.com/images/aircraft-guide-images/private/bell2040720intx20pic_tcm36-3778.jpg,aircharterservice-globalcontent-live.cphostaccess.com,C:\Users\rajsh\OneDrive\Desktop\MY First PYTHON\Aircraft_Images\Bell 407\interior_02.jpg
Bell 407,interior,https://www.elitejets.com/wp-content/uploads/2020/06/Bell407int_web-800px.jpg,www.elitejets.com,C:\Users\rajsh\OneDrive\Desktop\MY First PYTHON\Aircraft_Images\Bell 407\interior_03.jpg
Bell 407,interior,https://aristonaviation.com/wp-content/uploads/2023/05/BELL-407-1.jpg,aristonaviation.com,C:\Users\rajsh\OneDrive\Desktop\MY First PYTHON\Aircraft_Images\Bell 407\interior_04.jpg
Bell 407,interior,https://helinycharters.com/wp-content/uploads/2024/11/fleet4.webp,helinycharters.com,C:\Users\rajsh\OneDrive\Desktop\MY First PYTHON\Aircraft_Images\Bell 407\interior_05.jpg
Bell 407,interior,https://images.squarespace-cdn.com/content/v1/5e66515454ac2429fa3b81fb/8925da1a-d498-47e7-a230-9d1c882adc02/IMG_6880.JPG,images.squarespace-cdn.com,C:\Users\rajsh\OneDrive\Desktop\MY First PYTHON\Aircraft_Images\Bell 407\interior_06.jpg
Bell 407,interior,https://www.bellflight.com/-/media/site-specific/bell-flight/images/2-products/bell-407/images/bell-407-displays.jpg?la=en&h=400&w=600&mw=600&hash=A44CEE3C69D5C184626F75F64BF29A61,www.bellflight.com,C:\Users\rajsh\OneDrive\Desktop\MY First PYTHON\Aircraft_Images\Bell 407\interior_07.jpg
Bell 407,interior,http://media-s3-us-east-1.ceros.com/bell-helicopter/images/2020/01/21/ec3e5d99d83e24e116476fc894a415fd/web-hero-407-corporate.jpg,media-s3-us-east-1.ceros.com,C:\Users\rajsh\OneDrive\Desktop\MY First PYTHON\Aircraft_Images\Bell 407\interior_08.jpg
Bell 407,interior,https://sinergiaviation.com.mx/wp-content/uploads/2024/06/INTERIOR-BELL-407-SINERGIA.jpg,sinergiaviation.com.mx,C:\Users\rajsh\OneDrive\Desktop\MY First PYTHON\Aircraft_Images\Bell 407\interior_09.jpg
Bell 407,interior,https://www.helix-av.co.uk/wp-content/uploads/2025/01/407_custom_cabin.jpg,www.helix-av.co.uk,C:\Users\rajsh\OneDrive\Desktop\MY First PYTHON\Aircraft_Images\Bell 407\interior_10.jpg
Bell 412,exterior,https://cdn.avbuyer.com/live/uploads/image/371201_371300/aircraft-helicopter-turbine-bell-helicopters-412ep-371212_b6e615a0cb07cc0b.jpg,cdn.avbuyer.com,C:\Users\rajsh\OneDrive\Desktop\MY First PYTHON\Aircraft_Images\Bell 412\exterior_01.jpg
Bell 412,exterior,https://cdn.avbuyer.com/live/uploads/image/372101_372200/aircraft-helicopter-turbine-bell-helicopters-412ep-372143_0c2c5b8dd249448a_920X485.webp,cdn.avbuyer.com,C:\Users\rajsh\OneDrive\Desktop\MY First PYTHON\Aircraft_Images\Bell 412\exterior_02.jpg
Bell 412,exterior,https://cdn.avbuyer.com/live/uploads/image/354901_355000/aircraft-helicopter-turbine-bell-helicopters-412-354909_141d736a2e9e30d1.jpg,cdn.avbuyer.com,C:\Users\rajsh\OneDrive\Desktop\MY First PYTHON\Aircraft_Images\Bell 412\exterior_03.jpg
Bell 412,exterior,https://cdn.jetphotos.com/full/6/67910_1665548031.jpg,cdn.jetphotos.com,C:\Users\rajsh\OneDrive\Desktop\MY First PYTHON\Aircraft_Images\Bell 412\exterior_04.jpg
Bell 412,exterior,https://vistapointe.net/images/bell-412-1.jpg,vistapointe.net,C:\Users\rajsh\OneDrive\Desktop\MY First PYTHON\Aircraft_Images\Bell 412\exterior_05.jpg
Bell 412,interior,https://m.media-amazon.com/images/I/71tVSGubdPL._AC_SL1500_.jpg,m.media-amazon.com,C:\Users\rajsh\OneDrive\Desktop\MY First PYTHON\Aircraft_Images\Bell 412\interior_01.jpg
Bell 412EP,exterior,https://cdn.avbuyer.com/live/uploads/image/371201_371300/aircraft-helicopter-turbine-bell-helicopters-412ep-371212_b6e615a0cb07cc0b.jpg,cdn.avbuyer.com,C:\Users\rajsh\OneDrive\Desktop\MY First PYTHON\Aircraft_Images\Bell 412EP\exterior_01.jpg
Bell 412EP,exterior,https://cdn.avbuyer.com/live/uploads/image/372101_372200/aircraft-helicopter-turbine-bell-helicopters-412ep-372143_0c2c5b8dd249448a_920X485.webp,cdn.avbuyer.com,C:\Users\rajsh\OneDrive\Desktop\MY First PYTHON\Aircraft_Images\Bell 412EP\exterior_02.jpg
Bell 412EP,exterior,https://www.bellflight.com/-/media/site-specific/bell-flight/images/2-products/bell-412/images/412ep_v001_wstd.jpg,www.bellflight.com,C:\Users\rajsh\OneDrive\Desktop\MY First PYTHON\Aircraft_Images\Bell 412EP\exterior_03.jpg
Bell 412EP,exterior,https://cdn.avbuyer.com/live/uploads/image/354901_355000/aircraft-helicopter-turbine-bell-helicopters-412-354909_141d736a2e9e30d1.jpg,cdn.avbuyer.com,C:\Users\rajsh\OneDrive\Desktop\MY First PYTHON\Aircraft_Images\Bell 412EP\exterior_04.jpg
Bell 412EP,exterior,https://www.starliteaviation.com/operations/wp-content/uploads/sites/2/Bell-412-EP.jpg,www.starliteaviation.com,C:\Users\rajsh\OneDrive\Desktop\MY First PYTHON\Aircraft_Images\Bell 412EP\exterior_05.jpg
Bell 412EP,interior,https://tadistributors.com/wp-content/uploads/2018/02/Bell-412-corp-IMG_7795.jpg,tadistributors.com,C:\Users\rajsh\OneDrive\Desktop\MY First PYTHON\Aircraft_Images\Bell 412EP\interior_01.jpg
Bell 412EP,interior,https://1.bp.blogspot.com/-r1vXW11CDTM/XScb6jxkHII/AAAAAAAABi8/Wb3HfIo8dFQPgQySaPVtubiEoINzuR2uQCEwYBhgL/s640/Bell-412EP-interior.JPG,1.bp.blogspot.com,C:\Users\rajsh\OneDrive\Desktop\MY First PYTHON\Aircraft_Images\Bell 412EP\interior_02.jpg
Bell 412EP,interior,http://portinteriors.com/wp-content/uploads/2017/12/Bell-412-1600-2013-2706.jpg,portinteriors.com,C:\Users\rajsh\OneDrive\Desktop\MY First PYTHON\Aircraft_Images\Bell 412EP\interior_03.jpg
Bell 412EP,interior,https://imgproc.airliners.net/photos/airliners/2/1/7/1977712.jpg?v=v40,imgproc.airliners.net,C:\Users\rajsh\OneDrive\Desktop\MY First PYTHON\Aircraft_Images\Bell 412EP\interior_04.jpg
Bell 412EP,interior,http://media-s3-us-east-1.ceros.com/bell-helicopter/images/2020/01/27/341830587b8dedf0de98f68af38289f6/cml-412-photo-interior-0306-200109-r002-1.jpg,media-s3-us-east-1.ceros.com,C:\Users\rajsh\OneDrive\Desktop\MY First PYTHON\Aircraft_Images\Bell 412EP\interior_05.jpg
Bell 412EP,interior,https://p.turbosquid.com/ts-thumb/VR/zGQqmy/taY7Mdld/offshorehelicopterbell412ep3dmodel039/jpg/1503985292/1920x1080/fit_q87/9aceff16b597a0ebe79642bf7edfb7c6160aa724/offshorehelicopterbell412ep3dmodel039.jpg,p.turbosquid.com,C:\Users\rajsh\OneDrive\Desktop\MY First PYTHON\Aircraft_Images\Bell 412EP\interior_06.jpg
Bell 412EP,interior,https://www.bellflight.com/-/media/bynder/products/412/be412_interior-webstd.jpg?la=en&h=418&w=600&mw=600&hash=A3D947BDA60B123FA48D8FB4E97E730E,www.bellflight.com,C:\Users\rajsh\OneDrive\Desktop\MY First PYTHON\Aircraft_Images\Bell 412EP\interior_07.jpg
Bell 412EP,interior,https://www.helicopterbuyer.com/userfiles/files/EMS_Cabin(972).jpg,www.helicopterbuyer.com,C:\Users\rajsh\OneDrive\Desktop\MY First PYTHON\Aircraft_Images\Bell 412EP\interior_08.jpg
Bell 412EP,interior,https://resources.globalair.com/specs/images/Helicopter/Bell/Bell/412-HP/Interior/int2.jpg?w=650&h=430&mode=max,resources.globalair.com,C:\Users\rajsh\OneDrive\Desktop\MY First PYTHON\Aircraft_Images\Bell 412EP\interior_09.jpg
Bell 412EP,interior,https://www.elite-privatejet-service.com/wp-content/uploads/2016/04/bell-412-01.jpg,www.elite-privatejet-service.com,C:\Users\rajsh\OneDrive\Desktop\MY First PYTHON\Aircraft_Images\Bell 412EP\interior_10.jpg
Bell 429,exterior,https://item-shopping.c.yimg.jp/i/n/fpj-mat_msppbkr5e11x4-2,item-shopping.c.yimg.jp,C:\Users\rajsh\OneDrive\Desktop\MY First PYTHON\Aircraft_Images\Bell 429\exterior_01.jpg
Bell 429,interior,https://fr.bellflight.com/-/media/site-specific/bell-flight/images/2-products/bell-429/images/bell-429---interior-brn-0126-2.jpg?mw=1200&hash=5E64A95A6EE025FA55AE7AA8463F3A3D,fr.bellflight.com,C:\Users\rajsh\OneDrive\Desktop\MY First PYTHON\Aircraft_Images\Bell 429\interior_01.jpg
Bell 429,interior,https://50skyshades.com/images/o/2639-qjW8Y2tlhcVF6XAcp7dupmFSe.jpg,50skyshades.com,C:\Users\rajsh\OneDrive\Desktop\MY First PYTHON\Aircraft_Images\Bell 429\interior_02.jpg
Bell 429,interior,https://d21buns5ku92am.cloudfront.net/67992/images/470415-CML-Bell+429+Designer+Series_Photo+Edits_SCP07766_032122_R00_FINAL+(2)-3ef700-large-1677617648.png,d21buns5ku92am.cloudfront.net,C:\Users\rajsh\OneDrive\Desktop\MY First PYTHON\Aircraft_Images\Bell 429\interior_03.jpg
Bell 429,interior,"https://www.ainonline.com/cdn-cgi/image/width=1200,format=webp,quality=95/https://backend.ainonline.com/sites/default/files/styles/original/public/uploads/2016/01/webmag-bell-429-stc.jpg?itok=mCFToSgp",www.ainonline.com,C:\Users\rajsh\OneDrive\Desktop\MY First PYTHON\Aircraft_Images\Bell 429\interior_04.jpg
Bell 429,interior,https://cdn.luxatic.com/wp-content/uploads/2015/07/Bell-429-mag-2.jpg,cdn.luxatic.com,C:\Users\rajsh\OneDrive\Desktop\MY First PYTHON\Aircraft_Images\Bell 429\interior_05.jpg
Bell 429,interior,https://d21buns5ku92am.cloudfront.net/67992/images/421709-Designer+Series+Bell+429_2-b6853e-large-1647536392.jpg,d21buns5ku92am.cloudfront.net,C:\Users\rajsh\OneDrive\Desktop\MY First PYTHON\Aircraft_Images\Bell 429\interior_06.jpg
Bell 429,interior,https://worldaviationtrader.com/wp-content/uploads/2021/04/Web_Hero-429_Photo_InteriorCabin-Shanghai_CV3A2089_150302-R00_FLAT.jpg,worldaviationtrader.com,C:\Users\rajsh\OneDrive\Desktop\MY First PYTHON\Aircraft_Images\Bell 429\interior_07.jpg
Bell 429,interior,https://luxurylaunches.com/wp-content/uploads/2022/04/bell-unveils-luxury-interior-2-770x377.jpg,luxurylaunches.com,C:\Users\rajsh\OneDrive\Desktop\MY First PYTHON\Aircraft_Images\Bell 429\interior_08.jpg
Bell 429,interior,https://i.pinimg.com/originals/41/bf/67/41bf67deb806258098877f5a6a4da044.jpg,i.pinimg.com,C:\Users\rajsh\OneDrive\Desktop\MY First PYTHON\Aircraft_Images\Bell 429\interior_09.jpg
Bell 429,interior,https://flyflapper.com/stories/wp-content/uploads/2023/08/imagem_2023-08-29_101241805-900x600.png,flyflapper.com,C:\Users\rajsh\OneDrive\Desktop\MY First PYTHON\Aircraft_Images\Bell 429\interior_10.jpg
Challenger 350,exterior,https://cdn.avbuyer.com/live/uploads/image/371901_372000/aircraft-private-jets-bombardier-challenger-350-371914_2c22c8300968ddfb.jpg,cdn.avbuyer.com,C:\Users\rajsh\OneDrive\Desktop\MY First PYTHON\Aircraft_Images\Challenger 350\exterior_01.jpg
Challenger 350,exterior,https://bombardier.com/sites/default/files/styles/gallery_media_slideshow_desktop/public/2025-08/Challenger+300+20509+Exterior+2b.jpg.webp?itok=g84yTWg8,bombardier.com,C:\Users\rajsh\OneDrive\Desktop\MY First PYTHON\Aircraft_Images\Challenger 350\exterior_02.jpg
Challenger 350,exterior,https://cdn.avbuyer.com/live/uploads/image/369801_369900/aircraft-private-jets-bombardier-challenger-350-369804_4d690dfeb96d4080_600X370.jpg,cdn.avbuyer.com,C:\Users\rajsh\OneDrive\Desktop\MY First PYTHON\Aircraft_Images\Challenger 350\exterior_03.jpg
Challenger 350,exterior,https://cdn.avbuyer.com/live/uploads/image/367001_367100/aircraft-private-jets-bombardier-challenger-350-367014_ab86b1cf07c6accf_600X370.jpg,cdn.avbuyer.com,C:\Users\rajsh\OneDrive\Desktop\MY First PYTHON\Aircraft_Images\Challenger 350\exterior_04.jpg
Challenger 350,exterior,https://cdn.avbuyer.com/live/uploads/image/367701_367800/aircraft-private-jets-bombardier-challenger-350-367758_e25fc7483b3d0289_600X370.jpg,cdn.avbuyer.com,C:\Users\rajsh\OneDrive\Desktop\MY First PYTHON\Aircraft_Images\Challenger 350\exterior_05.jpg
Challenger 350,interior,https://images.aircharterservice.com/global/aircraft-guide/private-charter/bombardier-challenger-350-3.jpg,images.aircharterservice.com,C:\Users\rajsh\OneDrive\Desktop\MY First PYTHON\Aircraft_Images\Challenger 350\interior_01.jpg
Challenger 350,interior,https://aircraft.mira-aviation.com/media/2022/03/Bombardier-Challenger-350-2.jpeg,aircraft.mira-aviation.com,C:\Users\rajsh\OneDrive\Desktop\MY First PYTHON\Aircraft_Images\Challenger 350\interior_02.jpg
Challenger 350,interior,https://westpalmjetcharter.com/wp-content/uploads/2018/03/inside.jpg,westpalmjetcharter.com,C:\Users\rajsh\OneDrive\Desktop\MY First PYTHON\Aircraft_Images\Challenger 350\interior_03.jpg
Challenger 350,interior,https://www.sentientsignature.com/wp-content/uploads/2020/03/Bombardier_Challenger_3500_Charter_Interior.png,www.sentientsignature.com,C:\Users\rajsh\OneDrive\Desktop\MY First PYTHON\Aircraft_Images\Challenger 350\interior_04.jpg
Challenger 350,interior,https://images.aircharterservice.com/global/aircraft-guide/private-charter/bombardier-challenger-350-14.jpg,images.aircharterservice.com,C:\Users\rajsh\OneDrive\Desktop\MY First PYTHON\Aircraft_Images\Challenger 350\interior_05.jpg
Challenger 350,interior,https://westpalmjetcharter.com/wp-content/uploads/2018/03/interior-2.jpg,westpalmjetcharter.com,C:\Users\rajsh\OneDrive\Desktop\MY First PYTHON\Aircraft_Images\Challenger 350\interior_06.jpg
Challenger 350,interior,https://images.aircharterservice.com/global/aircraft-guide/private-charter/bombardier-challenger-350-8.jpg,images.aircharterservice.com,C:\Users\rajsh\OneDrive\Desktop\MY First PYTHON\Aircraft_Images\Challenger 350\interior_07.jpg
Challenger 350,interior,https://images.squarespace-cdn.com/content/v1/60e5ab3e44e3546b653e50c4/bbfa9ae6-89f2-41ea-b847-fb4ee994bdd4/AURORASABOIR_BOMBARDIER_CHALLENGER350_LH_INTERIOR_WEB1.jpg?format=2500w,images.squarespace-cdn.com,C:\Users\rajsh\OneDrive\Desktop\MY First PYTHON\Aircraft_Images\Challenger 350\interior_08.jpg
Challenger 350,interior,https://images.squarespace-cdn.com/content/v1/60e5ab3e44e3546b653e50c4/a34750ba-35da-43fa-92ed-79d4221cdba4/AURORASABOIR_BOMBARDIER_CHALLENGER350_LH_INTERIOR_WEB8.jpg,images.squarespace-cdn.com,C:\Users\rajsh\OneDrive\Desktop\MY First PYTHON\Aircraft_Images\Challenger 350\interior_09.jpg
Challenger 350,interior,https://c8.alamy.com/comp/HWMRCY/interior-view-of-the-cabin-inside-a-bombardier-cl604-challenger-executive-HWMRCY.jpg,c8.alamy.com,C:\Users\rajsh\OneDrive\Desktop\MY First PYTHON\Aircraft_Images\Challenger 350\interior_10.jpg
Challenger 604,exterior,https://odysseysociety.com/wp-content/uploads/2024/12/Bombardier-Challenger-604.webp,odysseysociety.com,C:\Users\rajsh\OneDrive\Desktop\MY First PYTHON\Aircraft_Images\Challenger 604\exterior_01.jpg
Challenger 604,exterior,https://aristonaviation.com/wp-content/uploads/2023/05/BOMBARDIER-CHALLENGER-604-1-1-scaled-1.jpg,aristonaviation.com,C:\Users\rajsh\OneDrive\Desktop\MY First PYTHON\Aircraft_Images\Challenger 604\exterior_02.jpg
Challenger 604,exterior,http://d16bsf97ryvc45.cloudfront.net/Media/2012/10/challenger_604_exterior.jpg,d16bsf97ryvc45.cloudfront.net,C:\Users\rajsh\OneDrive\Desktop\MY First PYTHON\Aircraft_Images\Challenger 604\exterior_03.jpg
Challenger 604,exterior,https://avpay.aero/wp-content/uploads/2007-Bombardier-Challenger-604-Private-Jet-For-Sale-HB-JRQ-By-JETRON-On-AvPay-aircraft-exterior-front-left-scaled.jpg,avpay.aero,C:\Users\rajsh\OneDrive\Desktop\MY First PYTHON\Aircraft_Images\Challenger 604\exterior_04.jpg
Challenger 604,exterior,https://assets.paramountbusinessjets.com/media/Aircrafts/Bombardier_Challenger_604_exterior2.jpg,assets.paramountbusinessjets.com,C:\Users\rajsh\OneDrive\Desktop\MY First PYTHON\Aircraft_Images\Challenger 604\exterior_05.jpg
Challenger 604,interior,https://ultimatejet.com/wp-content/uploads/2020/03/RUAG-International-integrates-ADS-B-Out-and-cabin-interior-modifications-on-Bombardier-Challenger-604.jpg,ultimatejet.com,C:\Users\rajsh\OneDrive\Desktop\MY First PYTHON\Aircraft_Images\Challenger 604\interior_01.jpg
Challenger 604,interior,https://www.vistajet.com/globalassets/images/aircraft/challenger-604/interior_3.jpg?width=800&height=800&mode=max,www.vistajet.com,C:\Users\rajsh\OneDrive\Desktop\MY First PYTHON\Aircraft_Images\Challenger 604\interior_02.jpg
Challenger 604,interior,https://www.wingaviation.com/assets/images/fleet/wa-n28qb-mg-3430.jpg,www.wingaviation.com,C:\Users\rajsh\OneDrive\Desktop\MY First PYTHON\Aircraft_Images\Challenger 604\interior_03.jpg
Challenger 604,interior,https://i0.wp.com/starrluxuryjets.com/wp-content/uploads/2020/07/SLJ-challenger-604-interior-alt2-800x600-1.jpg?w=800&ssl=1,i0.wp.com,C:\Users\rajsh\OneDrive\Desktop\MY First PYTHON\Aircraft_Images\Challenger 604\interior_04.jpg
Challenger 604,interior,https://www.claylacy.com/wp-content/uploads/2017/06/Interior_Galley_Challenger604.jpg,www.claylacy.com,C:\Users\rajsh\OneDrive\Desktop\MY First PYTHON\Aircraft_Images\Challenger 604\interior_05.jpg
Challenger 604,interior,https://images.aircharterservice.com/content/bombardier-challenger-604-interior-slim.jpg,images.aircharterservice.com,C:\Users\rajsh\OneDrive\Desktop\MY First PYTHON\Aircraft_Images\Challenger 604\interior_06.jpg
Challenger 604,interior,https://jetsplore.com/wp-content/uploads/2022/06/CHALLENGER-604-B2.jpg,jetsplore.com,C:\Users\rajsh\OneDrive\Desktop\MY First PYTHON\Aircraft_Images\Challenger 604\interior_07.jpg
Challenger 604,interior,https://www.wingaviation.com/assets/images/fleet/bombardier-challenger-604-n69dt-3.jpg,www.wingaviation.com,C:\Users\rajsh\OneDrive\Desktop\MY First PYTHON\Aircraft_Images\Challenger 604\interior_08.jpg
Challenger 604,interior,https://images.squarespace-cdn.com/content/v1/53045d0ee4b0c1e749b37818/1625879617839-PD1BQ9329YI8D56VWSNJ/604_Interior3.jpg,images.squarespace-cdn.com,C:\Users\rajsh\OneDrive\Desktop\MY First PYTHON\Aircraft_Images\Challenger 604\interior_09.jpg
Challenger 604,interior,http://d16bsf97ryvc45.cloudfront.net/Media/2012/10/challenger_604_interior.jpg,d16bsf97ryvc45.cloudfront.net,C:\Users\rajsh\OneDrive\Desktop\MY First PYTHON\Aircraft_Images\Challenger 604\interior_10.jpg
Challenger 605,exterior,https://bombardier.com/sites/default/files/styles/gallery_media_slideshow_desktop/public/2025-10/Exterior_Challenger+605+SN+5842_1.jpg.webp?itok=CTJDIOUQ,bombardier.com,C:\Users\rajsh\OneDrive\Desktop\MY First PYTHON\Aircraft_Images\Challenger 605\exterior_01.jpg
Challenger 605,exterior,https://acass.com/wp-content/uploads/2023/09/Exterior-Main-scaled.jpg,acass.com,C:\Users\rajsh\OneDrive\Desktop\MY First PYTHON\Aircraft_Images\Challenger 605\exterior_02.jpg
Challenger 605,exterior,https://media.sandhills.com/img.axd?id=10020847554&wid=4326165471&rwl=False&p=&ext=&t=&lp=&c=True&wt=False&sz=Max&rt=0&checksum=ktwr0llv3sBlKwLONj358TqNpcMmgrwUxiogy32jsVE=,media.sandhills.com,C:\Users\rajsh\OneDrive\Desktop\MY First PYTHON\Aircraft_Images\Challenger 605\exterior_03.jpg
Challenger 605,exterior,https://aircraft.mira-aviation.com/media/2022/03/Bombardier-Challenger-605.jpg,aircraft.mira-aviation.com,C:\Users\rajsh\OneDrive\Desktop\MY First PYTHON\Aircraft_Images\Challenger 605\exterior_04.jpg
Challenger 605,exterior,https://imgproc.airliners.net/photos/airliners/4/5/2/1292254.jpg?v=v40,imgproc.airliners.net,C:\Users\rajsh\OneDrive\Desktop\MY First PYTHON\Aircraft_Images\Challenger 605\exterior_05.jpg
Challenger 605,interior,https://resources.globalair.com/specs/images/Jets/Bombardier/Challenger/605/Interior/Challenger605_i3.jpg?w=650&h=430&mode=max,resources.globalair.com,C:\Users\rajsh\OneDrive\Desktop\MY First PYTHON\Aircraft_Images\Challenger 605\interior_01.jpg
Challenger 605,interior,http://d16bsf97ryvc45.cloudfront.net/Media/2012/10/challenger_605_interior.jpg,d16bsf97ryvc45.cloudfront.net,C:\Users\rajsh\OneDrive\Desktop\MY First PYTHON\Aircraft_Images\Challenger 605\interior_02.jpg
Challenger 605,interior,https://aviostart-bg.com/wp-content/uploads/2015/05/Challanger-Cabin-Front.jpg,aviostart-bg.com,C:\Users\rajsh\OneDrive\Desktop\MY First PYTHON\Aircraft_Images\Challenger 605\interior_03.jpg
Challenger 605,interior,https://penaviation.com/wp-content/uploads/2021/12/bombardier-605-2.jpg,penaviation.com,C:\Users\rajsh\OneDrive\Desktop\MY First PYTHON\Aircraft_Images\Challenger 605\interior_04.jpg
Challenger 605,interior,https://www.vistajet.com/globalassets/images/aircraft/challenger-650/interior_three.jpeg?width=1600&height=1200&mode=max&upscale=false,www.vistajet.com,C:\Users\rajsh\OneDrive\Desktop\MY First PYTHON\Aircraft_Images\Challenger 605\interior_05.jpg
Challenger 605,interior,https://images.squarespace-cdn.com/content/v1/66588b650574d61b6f843485/75b01cb5-731d-423c-a7a5-282d72db034f/Challenger+605+Main+Cabin.png,images.squarespace-cdn.com,C:\Users\rajsh\OneDrive\Desktop\MY First PYTHON\Aircraft_Images\Challenger 605\interior_06.jpg
Challenger 605,interior,https://cfsjets.com/wp-content/uploads/2022/11/Bombardier-Challenger-CL605-interior-1.jpg,cfsjets.com,C:\Users\rajsh\OneDrive\Desktop\MY First PYTHON\Aircraft_Images\Challenger 605\interior_07.jpg
Challenger 605,interior,https://jetsplore.com/wp-content/uploads/2022/06/CHALLENGER-605-B2-768x651.jpg,jetsplore.com,C:\Users\rajsh\OneDrive\Desktop\MY First PYTHON\Aircraft_Images\Challenger 605\interior_08.jpg
Challenger 605,interior,https://aristonaviation.com/wp-content/uploads/2023/05/BOMBARDIER-CHALLENGER-605-3.jpg,aristonaviation.com,C:\Users\rajsh\OneDrive\Desktop\MY First PYTHON\Aircraft_Images\Challenger 605\interior_09.jpg
Challenger 605,interior,https://images.aircharterservice.com/global/aircraft-guide/private-charter/bombardier-challenger-605-2.jpg,images.aircharterservice.com,C:\Users\rajsh\OneDrive\Desktop\MY First PYTHON\Aircraft_Images\Challenger 605\interior_10.jpg
Citation,interior,https://c.flyradius.com/images/cessna/citation-m2/cessna-citation-m2-interior-cabin.jpg,c.flyradius.com,C:\Users\rajsh\OneDrive\Desktop\MY First PYTHON\Aircraft_Images\Citation\interior_01.jpg
Citation,interior,https://monarchairgroup.com/wp-content/uploads/2021/06/cessna-citation-longitude-interior-1.jpg,monarchairgroup.com,C:\Users\rajsh\OneDrive\Desktop\MY First PYTHON\Aircraft_Images\Citation\interior_02.jpg
Citation,interior,http://blog.privatejetfinder.com/wp-content/uploads/2021/06/Cessna-Citation-Longitude-cabine.jpg,blog.privatejetfinder.com,C:\Users\rajsh\OneDrive\Desktop\MY First PYTHON\Aircraft_Images\Citation\interior_03.jpg
Citation,interior,https://jetsplore.com/wp-content/uploads/2022/06/CITATION-X-B2.jpg,jetsplore.com,C:\Users\rajsh\OneDrive\Desktop\MY First PYTHON\Aircraft_Images\Citation\interior_04.jpg
Citation,interior,https://www.vipjets.com/app/uploads/2018/04/CessnaCitationCJ4_interior_light_jets.jpg,www.vipjets.com,C:\Users\rajsh\OneDrive\Desktop\MY First PYTHON\Aircraft_Images\Citation\interior_05.jpg
Citation,interior,https://s45166.pcdn.co/wp-content/uploads/2024/02/r-507915-Cessna-Citation-CJ3-Gen2-overall-cabin-with-green-lighting-407af8-original-1697418590.jpg.optimal.jpg,s45166.pcdn.co,C:\Users\rajsh\OneDrive\Desktop\MY First PYTHON\Aircraft_Images\Citation\interior_06.jpg
Citation,interior,https://www.airsprint.com/assets/Uploads/Pages/22/AirSprint_FASP_Refurbished_Interior_SM__FocusFillWzIwMDAsMTAwMCwieSIsNjJd.jpg,www.airsprint.com,C:\Users\rajsh\OneDrive\Desktop\MY First PYTHON\Aircraft_Images\Citation\interior_07.jpg
Citation,interior,https://westpalmjetcharter.com/wp-content/uploads/2015/10/Cessna-Citation-VII-Interior.png,westpalmjetcharter.com,C:\Users\rajsh\OneDrive\Desktop\MY First PYTHON\Aircraft_Images\Citation\interior_08.jpg
Citation,interior,https://flyadvanced.com/wp-content/uploads/2024/07/Citation-CJ4-4.jpg,flyadvanced.com,C:\Users\rajsh\OneDrive\Desktop\MY First PYTHON\Aircraft_Images\Citation\interior_09.jpg
Citation,interior,https://i0.wp.com/i.pinimg.com/originals/82/43/a4/8243a4d38a655273024c2739a476f2f0.jpg,i0.wp.com,C:\Users\rajsh\OneDrive\Desktop\MY First PYTHON\Aircraft_Images\Citation\interior_10.jpg
Citation 560XL,exterior,https://cdn.avbuyer.com/live/uploads/image/360901_361000/aircraft-private-jets-cessna-citation-excel-360977_cf98e7056024a2be.jpg,cdn.avbuyer.com,C:\Users\rajsh\OneDrive\Desktop\MY First PYTHON\Aircraft_Images\Citation 560XL\exterior_01.jpg
Citation 560XL,exterior,https://www.jetaviva.com/wp-content/uploads/2022/07/Exterior07_gyj0nl.jpg,www.jetaviva.com,C:\Users\rajsh\OneDrive\Desktop\MY First PYTHON\Aircraft_Images\Citation 560XL\exterior_02.jpg
Citation 560XL,exterior,https://www.jetaviva.com/wp-content/uploads/2022/07/560_Excel_Eagle_image_2_jwggkt.jpg,www.jetaviva.com,C:\Users\rajsh\OneDrive\Desktop\MY First PYTHON\Aircraft_Images\Citation 560XL\exterior_03.jpg
Citation 560XL,exterior,https://imgproc.airliners.net/photos/airliners/8/9/0/1635098.jpg?v=v40,imgproc.airliners.net,C:\Users\rajsh\OneDrive\Desktop\MY First PYTHON\Aircraft_Images\Citation 560XL\exterior_04.jpg
Citation 560XL,exterior,https://imgproc.airliners.net/photos/airliners/7/5/4/5779457.jpg?v=v441bd1d63db,imgproc.airliners.net,C:\Users\rajsh\OneDrive\Desktop\MY First PYTHON\Aircraft_Images\Citation 560XL\exterior_05.jpg
Citation 560XL,interior,https://aerovisto.com/wp-content/uploads/2046_HiRes_Cessna560XL_2404HH.jpg,aerovisto.com,C:\Users\rajsh\OneDrive\Desktop\MY First PYTHON\Aircraft_Images\Citation 560XL\interior_01.jpg
Citation 560XL,interior,https://resources.globalair.com/specs/images/Jets/Cessna/Citation/Excel/Interior/int5.jpg?w=650&h=430&mode=max,resources.globalair.com,C:\Users\rajsh\OneDrive\Desktop\MY First PYTHON\Aircraft_Images\Citation 560XL\interior_02.jpg
Citation 560XL,interior,https://aerovisto.com/wp-content/uploads/2043_HiRes_Cessna560XL_2404HH.jpg,aerovisto.com,C:\Users\rajsh\OneDrive\Desktop\MY First PYTHON\Aircraft_Images\Citation 560XL\interior_03.jpg
Citation 560XL,interior,https://images.aircharterservice.com/global/aircraft-guide/private-charter/cessna-citation-excel-6.jpg,images.aircharterservice.com,C:\Users\rajsh\OneDrive\Desktop\MY First PYTHON\Aircraft_Images\Citation 560XL\interior_04.jpg
Citation 560XL,interior,https://aerovisto.com/wp-content/uploads/2022/12/AV_Cessna-XLS-PrRe_202205_2-1.jpeg,aerovisto.com,C:\Users\rajsh\OneDrive\Desktop\MY First PYTHON\Aircraft_Images\Citation 560XL\interior_05.jpg
Citation 560XL,interior,https://resources.globalair.com/specs/images/Jets/Cessna/Citation/XLS/Interior/int8.jpg?w=650&h=430&mode=max,resources.globalair.com,C:\Users\rajsh\OneDrive\Desktop\MY First PYTHON\Aircraft_Images\Citation 560XL\interior_06.jpg
Citation 560XL,interior,https://static1.simpleflyingimages.com/wordpress/wp-content/uploads/2024/09/citation-ascend-cabin-001.jpg,static1.simpleflyingimages.com,C:\Users\rajsh\OneDrive\Desktop\MY First PYTHON\Aircraft_Images\Citation 560XL\interior_07.jpg
Citation 560XL,interior,https://jetsplore.com/wp-content/uploads/2022/06/CITATION-XLSB2.jpg,jetsplore.com,C:\Users\rajsh\OneDrive\Desktop\MY First PYTHON\Aircraft_Images\Citation 560XL\interior_08.jpg
Citation 560XL,interior,https://jetsplore.com/wp-content/uploads/2022/06/CITATION-EXCEL-B2.jpg,jetsplore.com,C:\Users\rajsh\OneDrive\Desktop\MY First PYTHON\Aircraft_Images\Citation 560XL\interior_09.jpg
Citation 560XL,interior,https://www.libertyjet.com/img/aircraft/Citation-XL-int.jpg,www.libertyjet.com,C:\Users\rajsh\OneDrive\Desktop\MY First PYTHON\Aircraft_Images\Citation 560XL\interior_10.jpg
Citation XLS,exterior,https://www.crank-in.net/img/db/1436093_650.jpg,www.crank-in.net,C:\Users\rajsh\OneDrive\Desktop\MY First PYTHON\Aircraft_Images\Citation XLS\exterior_01.jpg
Citation XLS,interior,https://aerovisto.com/wp-content/uploads/2022/12/AV_Cessna-XLS-PrRe_202205_2-1.jpeg,aerovisto.com,C:\Users\rajsh\OneDrive\Desktop\MY First PYTHON\Aircraft_Images\Citation XLS\interior_01.jpg
Citation XLS,interior,https://jetsplore.com/wp-content/uploads/2022/06/CITATION-XLS-B2-768x691.jpg,jetsplore.com,C:\Users\rajsh\OneDrive\Desktop\MY First PYTHON\Aircraft_Images\Citation XLS\interior_02.jpg
Citation XLS,interior,https://the-jet-collection.com/wp-content/uploads/2023/09/Citation-XLS-1568x1045.jpg,the-jet-collection.com,C:\Users\rajsh\OneDrive\Desktop\MY First PYTHON\Aircraft_Images\Citation XLS\interior_03.jpg
Citation XLS,interior,https://www.menkoraviation.com/wp-content/uploads/2020/10/Cessna_Citation_XLS_Cabin.jpeg,www.menkoraviation.com,C:\Users\rajsh\OneDrive\Desktop\MY First PYTHON\Aircraft_Images\Citation XLS\interior_04.jpg
Citation XLS,interior,https://www.pjsgroup.com/wp-content/uploads/2019/12/use-int-citation-xls-ce-560-xl-brown-upholstery-cabin-view.jpeg,www.pjsgroup.com,C:\Users\rajsh\OneDrive\Desktop\MY First PYTHON\Aircraft_Images\Citation XLS\interior_05.jpg
Citation XLS,interior,https://www.jetaviva.com/wp-content/uploads/2022/07/Cabin02_chgygg-2048x1365.jpg,www.jetaviva.com,C:\Users\rajsh\OneDrive\Desktop\MY First PYTHON\Aircraft_Images\Citation XLS\interior_06.jpg
Citation XLS,interior,https://resources.globalair.com/specs/images/Jets/Cessna/Citation/XLS/Interior/int8.jpg?w=650&h=430&mode=max,resources.globalair.com,C:\Users\rajsh\OneDrive\Desktop\MY First PYTHON\Aircraft_Images\Citation XLS\interior_07.jpg
Citation XLS,interior,https://www.air-hamburg.de/images/stories/flotte/xls/ah_flotte_slider_xlsgen2_06.jpg,www.air-hamburg.de,C:\Users\rajsh\OneDrive\Desktop\MY First PYTHON\Aircraft_Images\Citation XLS\interior_08.jpg
Citation XLS,interior,https://charterscanner.com/media/jet-library/88/large/cessna_citation_xls-int-1.jpg,charterscanner.com,C:\Users\rajsh\OneDrive\Desktop\MY First PYTHON\Aircraft_Images\Citation XLS\interior_09.jpg
Citation XLS,interior,https://africair.com/wp-content/uploads/2017/12/Cessna-XLS-Interior.jpg,africair.com,C:\Users\rajsh\OneDrive\Desktop\MY First PYTHON\Aircraft_Images\Citation XLS\interior_10.jpg
Dash 8 Q400,exterior,https://cdn.plnspttrs.net/15088/vh-qos-qantaslink-bombardier-dhc-8-402-dash-8-q400_PlanespottersNet_1406821_2f088f6d16_o.jpg,cdn.plnspttrs.net,C:\Users\rajsh\OneDrive\Desktop\MY First PYTHON\Aircraft_Images\Dash 8 Q400\exterior_01.jpg
Dash 8 Q400,exterior,https://check-in.dk/wp-content/uploads/2018/03/Q400.jpg,check-in.dk,C:\Users\rajsh\OneDrive\Desktop\MY First PYTHON\Aircraft_Images\Dash 8 Q400\exterior_02.jpg
Dash 8 Q400,exterior,https://airlinesfleet.com/wp-content/uploads/2019/01/WestJet-Encore-Bombardier-Dash-8-Q400-C-FQWE-at-Toronto-Pearson-International-Airport-1024x682.jpg,airlinesfleet.com,C:\Users\rajsh\OneDrive\Desktop\MY First PYTHON\Aircraft_Images\Dash 8 Q400\exterior_03.jpg
Dash 8 Q400,exterior,https://assets.skiesmag.com/wp-content/uploads/2019/12/yxu20194280300-1024x682.jpg,assets.skiesmag.com,C:\Users\rajsh\OneDrive\Desktop\MY First PYTHON\Aircraft_Images\Dash 8 Q400\exterior_04.jpg
Dash 8 Q400,exterior,https://c8.alamy.com/comp/GHA7KY/olympic-air-bombardier-dash-8-q400-turboprop-passenger-aircraft-on-GHA7KY.jpg,c8.alamy.com,C:\Users\rajsh\OneDrive\Desktop\MY First PYTHON\Aircraft_Images\Dash 8 Q400\exterior_05.jpg
Dash 8 Q400,interior,https://www.austrian.com/content/dam/austrian/global/images/fly/aircraft-fleet/bombardier-q400/bombardier-q400-360view-16x9.jpg.transform/lh-dcep-transform-width-1440/img.jpg,www.austrian.com,C:\Users\rajsh\OneDrive\Desktop\MY First PYTHON\Aircraft_Images\Dash 8 Q400\interior_01.jpg
Dash 8 Q400,interior,https://c.flyradius.com/images/stories/bombardier-q400/bombardier-q400-interior.jpg,c.flyradius.com,C:\Users\rajsh\OneDrive\Desktop\MY First PYTHON\Aircraft_Images\Dash 8 Q400\interior_02.jpg
Dash 8 Q400,interior,https://i.pinimg.com/originals/be/8f/68/be8f683d7f2e8511d709d2a7945baa2f.jpg,i.pinimg.com,C:\Users\rajsh\OneDrive\Desktop\MY First PYTHON\Aircraft_Images\Dash 8 Q400\interior_03.jpg
Dash 8 Q400,interior,https://1.bp.blogspot.com/-MCcFujRqgCQ/XanEnYVvuGI/AAAAAAAACc8/5xoZPV8hv6M93Sea__fxKLu-mnZRWouwQCEwYBhgL/s640/Bombardier-Dash-8-Q400-interior.JPG,1.bp.blogspot.com,C:\Users\rajsh\OneDrive\Desktop\MY First PYTHON\Aircraft_Images\Dash 8 Q400\interior_04.jpg
Dash 8 Q400,interior,https://live.staticflickr.com/5067/5694482954_da3943b1a0_b.jpg,live.staticflickr.com,C:\Users\rajsh\OneDrive\Desktop\MY First PYTHON\Aircraft_Images\Dash 8 Q400\interior_05.jpg
Dash 8 Q400,interior,https://www.huntandpalmer.com/wp-content/uploads/2014/10/dash8-interior.jpg,www.huntandpalmer.com,C:\Users\rajsh\OneDrive\Desktop\MY First PYTHON\Aircraft_Images\Dash 8 Q400\interior_06.jpg
Dash 8 Q400,interior,https://images.squarespace-cdn.com/content/v1/5425bf47e4b08dba8369aea4/1498862940818-GDX8WNBE1QS8YWTY86YG/dash-8-106-8.jpg,images.squarespace-cdn.com,C:\Users\rajsh\OneDrive\Desktop\MY First PYTHON\Aircraft_Images\Dash 8 Q400\interior_07.jpg
Dash 8 Q400,interior,https://i.ytimg.com/vi/4tksXHyXOg8/maxresdefault.jpg,i.ytimg.com,C:\Users\rajsh\OneDrive\Desktop\MY First PYTHON\Aircraft_Images\Dash 8 Q400\interior_08.jpg
Dash 8 Q400,interior,https://c8.alamy.com/comp/HMKCYD/aisle-empty-passenger-cabin-seats-on-airbaltic-bombardier-dhc-8-q400-HMKCYD.jpg,c8.alamy.com,C:\Users\rajsh\OneDrive\Desktop\MY First PYTHON\Aircraft_Images\Dash 8 Q400\interior_09.jpg
Dash 8 Q400,interior,https://images.squarespace-cdn.com/content/v1/5aee3c452487fd040c444dc8/1556313748593-2RLWLX13Q0B2SDCPCJ2O/Embraer-145-interior.JPG,images.squarespace-cdn.com,C:\Users\rajsh\OneDrive\Desktop\MY First PYTHON\Aircraft_Images\Dash 8 Q400\interior_10.jpg
Dauphin AS365 N3,exterior,https://dtimes.jp/wp-content/uploads/2025/04/★『スター・ウォーズ／マンダロリアン～』：場面写真（シガーニー・ウィーバー）.jpg,dtimes.jp,C:\Users\rajsh\OneDrive\Desktop\MY First PYTHON\Aircraft_Images\Dauphin AS365 N3\exterior_01.jpg
Dauphin AS365 N3,exterior,https://m.media-amazon.com/images/I/41g2UfByNlL._SL500_.jpg,m.media-amazon.com,C:\Users\rajsh\OneDrive\Desktop\MY First PYTHON\Aircraft_Images\Dauphin AS365 N3\exterior_02.jpg
Dauphin AS365 N3,exterior,https://img.cinematoday.jp/a/ih8dyBfCn-rB/_size_640x/_v_1744950589/StarWarsCelebration25Tokyo_014_4ic6pPbI.jpg,img.cinematoday.jp,C:\Users\rajsh\OneDrive\Desktop\MY First PYTHON\Aircraft_Images\Dauphin AS365 N3\exterior_03.jpg
Dauphin AS365 N3,exterior,https://tshop.r10s.jp/book/cabinet/6765/9784434366765_1_3.jpg?downsize=600:*,tshop.r10s.jp,C:\Users\rajsh\OneDrive\Desktop\MY First PYTHON\Aircraft_Images\Dauphin AS365 N3\exterior_04.jpg
Dauphin AS365 N3,exterior,https://hobby.dengeki.com/ss/hobby/2026/03/ae46b1f460ee46f789c27b264a6cb421_AWQks23_KZDanzeKg54Mgbxe_koGAAzR_UgB9_NaksuUWaNBzVNDzKe8pEPoEmsFA.jpg,hobby.dengeki.com,C:\Users\rajsh\OneDrive\Desktop\MY First PYTHON\Aircraft_Images\Dauphin AS365 N3\exterior_05.jpg
Dauphin AS365 N3,interior,https://1.bp.blogspot.com/-_wsR5AWHujg/XgDfcmRaTMI/AAAAAAAADNQ/EE9S8Cy_IEkbw3H2AoFLs-fwMobXCwn2QCEwYBhgL/s640/Airbus-AS365-N3%2B-Dauphin-interior.JPG,1.bp.blogspot.com,C:\Users\rajsh\OneDrive\Desktop\MY First PYTHON\Aircraft_Images\Dauphin AS365 N3\interior_01.jpg
Dauphin AS365 N3,interior,https://afterburner.com.pl/wp-content/uploads/2023/10/Galileo-109.jpg,afterburner.com.pl,C:\Users\rajsh\OneDrive\Desktop\MY First PYTHON\Aircraft_Images\Dauphin AS365 N3\interior_02.jpg
Dauphin AS365 N3,interior,https://aerocorner.com/wp-content/uploads/1361.jpg,aerocorner.com,C:\Users\rajsh\OneDrive\Desktop\MY First PYTHON\Aircraft_Images\Dauphin AS365 N3\interior_03.jpg
Dauphin AS365 N3,interior,https://exclusiveaircraft.co.uk/sites/default/files/styles/gallery/public/gallery/eurocopter-as365-dauphin-02.jpg?itok=z6FErzyu,exclusiveaircraft.co.uk,C:\Users\rajsh\OneDrive\Desktop\MY First PYTHON\Aircraft_Images\Dauphin AS365 N3\interior_04.jpg
Dauphin AS365 N3,interior,https://resources.globalair.com/aircraftforsale/images/ads/127756_Int1.gif?w=395&h=265&mode=crop,resources.globalair.com,C:\Users\rajsh\OneDrive\Desktop\MY First PYTHON\Aircraft_Images\Dauphin AS365 N3\interior_05.jpg
Dauphin AS365 N3,interior,https://resources.globalair.com/specs/images/Helicopter/Eurocopter/Dauphin/AS365N-3/Interior/eurocopter_duphin3_p2.jpg?w=650&h=430&mode=max,resources.globalair.com,C:\Users\rajsh\OneDrive\Desktop\MY First PYTHON\Aircraft_Images\Dauphin AS365 N3\interior_06.jpg
Dauphin AS365 N3,interior,https://www.armyrecognition.com/images/stories/europe/france/helicopter/as365_n3/AS365_N3_multipurpose_twin-engine_helicopter_Eurocopter_France_French_aviation_defence_industry_640_001.jpg,www.armyrecognition.com,C:\Users\rajsh\OneDrive\Desktop\MY First PYTHON\Aircraft_Images\Dauphin AS365 N3\interior_07.jpg
Dauphin AS365 N3,interior,https://resources.globalair.com/specs/images/2009__AirbusAS365N3E.jpg?w=650&h=430&mode=max,resources.globalair.com,C:\Users\rajsh\OneDrive\Desktop\MY First PYTHON\Aircraft_Images\Dauphin AS365 N3\interior_08.jpg
Dauphin AS365 N3,interior,https://www.avionslegendaires.net/wp-content/uploads/2022/02/Gdauphinn3-3.jpg,www.avionslegendaires.net,C:\Users\rajsh\OneDrive\Desktop\MY First PYTHON\Aircraft_Images\Dauphin AS365 N3\interior_09.jpg
Dauphin AS365 N3,interior,https://live.staticflickr.com/65535/52230090133_8a5110f03d_b.jpg,live.staticflickr.com,C:\Users\rajsh\OneDrive\Desktop\MY First PYTHON\Aircraft_Images\Dauphin AS365 N3\interior_10.jpg
EC130T2,exterior,https://developer.chrome.com/static/docs/devtools/console/image/using-console-change-p-21db569361b85.png?hl=ja,developer.chrome.com,C:\Users\rajsh\OneDrive\Desktop\MY First PYTHON\Aircraft_Images\EC130T2\exterior_01.jpg
EMB-135BJ Legacy,exterior,https://aerocorner.com/wp-content/uploads/2021/01/N515JM-Embraer-EMB-135BJ-Legacy-600-1090x500.jpg,aerocorner.com,C:\Users\rajsh\OneDrive\Desktop\MY First PYTHON\Aircraft_Images\EMB-135BJ Legacy\exterior_01.jpg
EMB-135BJ Legacy,exterior,https://imgproc.airliners.net/photos/airliners/5/2/6/1750625.jpg?v=v40,imgproc.airliners.net,C:\Users\rajsh\OneDrive\Desktop\MY First PYTHON\Aircraft_Images\EMB-135BJ Legacy\exterior_02.jpg
EMB-135BJ Legacy,exterior,https://images.aircharterservice.com/global/aircraft-guide/private-charter/embraer-legacy-600-exterior-banner.jpg,images.aircharterservice.com,C:\Users\rajsh\OneDrive\Desktop\MY First PYTHON\Aircraft_Images\EMB-135BJ Legacy\exterior_03.jpg
EMB-135BJ Legacy,exterior,https://imgproc.airliners.net/photos/airliners/7/8/0/5304087.jpg?v=v431509621a2,imgproc.airliners.net,C:\Users\rajsh\OneDrive\Desktop\MY First PYTHON\Aircraft_Images\EMB-135BJ Legacy\exterior_04.jpg
EMB-135BJ Legacy,interior,https://imgproc.airliners.net/photos/airliners/0/2/5/1656520.jpg?v=v40,imgproc.airliners.net,C:\Users\rajsh\OneDrive\Desktop\MY First PYTHON\Aircraft_Images\EMB-135BJ Legacy\interior_01.jpg
EMB-135BJ Legacy,interior,https://imgproc.airliners.net/photos/airliners/3/8/3/1048383.jpg?v=v40,imgproc.airliners.net,C:\Users\rajsh\OneDrive\Desktop\MY First PYTHON\Aircraft_Images\EMB-135BJ Legacy\interior_02.jpg
EMB-135BJ Legacy,interior,https://www.duncanaviation.aero/contentAsset/image/8c76a0f0-49d6-4f2e-bd66-13d654a62b54/fileAsset/filter/Thumbnail/thumbnail_w/325/,www.duncanaviation.aero,C:\Users\rajsh\OneDrive\Desktop\MY First PYTHON\Aircraft_Images\EMB-135BJ Legacy\interior_03.jpg
EMB-135BJ Legacy,interior,https://starrluxuryjets.com/wp-content/uploads/2020/07/SLJ-Embraer-legacy-600-interior-800x600-1.jpg,starrluxuryjets.com,C:\Users\rajsh\OneDrive\Desktop\MY First PYTHON\Aircraft_Images\EMB-135BJ Legacy\interior_04.jpg
EMB-135BJ Legacy,interior,https://i.pinimg.com/736x/52/24/b3/5224b3679c99c1909153bac86c43f6f6.jpg,i.pinimg.com,C:\Users\rajsh\OneDrive\Desktop\MY First PYTHON\Aircraft_Images\EMB-135BJ Legacy\interior_05.jpg
EMB-135BJ Legacy,interior,https://starjets.net/wp-content/uploads/2016/04/Legacy_600_Super_Mid_Size_Executive_Jet_Standard_Cabin_Layout.jpg,starjets.net,C:\Users\rajsh\OneDrive\Desktop\MY First PYTHON\Aircraft_Images\EMB-135BJ Legacy\interior_06.jpg
EMB-135BJ Legacy,interior,https://westpalmjetcharter.com/wp-content/uploads/2015/10/Embraer-Legacy-600-Interior.png,westpalmjetcharter.com,C:\Users\rajsh\OneDrive\Desktop\MY First PYTHON\Aircraft_Images\EMB-135BJ Legacy\interior_07.jpg
EMB-135BJ Legacy,interior,https://aircraft.mira-aviation.com/media/2022/03/Embraer-Legacy-600-3-1.jpeg,aircraft.mira-aviation.com,C:\Users\rajsh\OneDrive\Desktop\MY First PYTHON\Aircraft_Images\EMB-135BJ Legacy\interior_08.jpg
EMB-135BJ Legacy,interior,https://media.lunajets.com/images/aircraft/embraer/legacy-600/en/gallery/private-jet-charter-embraer-legacy-600-aircraft-interior.jpg?width=1496&format=webp,media.lunajets.com,C:\Users\rajsh\OneDrive\Desktop\MY First PYTHON\Aircraft_Images\EMB-135BJ Legacy\interior_09.jpg
EMB-135BJ Legacy,interior,https://imgproc.airliners.net/photos/airliners/0/5/5/0863550.jpg?v=v40,imgproc.airliners.net,C:\Users\rajsh\OneDrive\Desktop\MY First PYTHON\Aircraft_Images\EMB-135BJ Legacy\interior_10.jpg
Falcon 900,exterior,https://gh.lnwfile.com/tu5g0f.jpg,gh.lnwfile.com,C:\Users\rajsh\OneDrive\Desktop\MY First PYTHON\Aircraft_Images\Falcon 900\exterior_01.jpg
Falcon 900,exterior,https://lh5.googleusercontent.com/p/AF1QipMih00CvHrw8SXoJSvafAs_vUll3O2L2T01FHrJ=w1220-h920-k-no,lh5.googleusercontent.com,C:\Users\rajsh\OneDrive\Desktop\MY First PYTHON\Aircraft_Images\Falcon 900\exterior_02.jpg
Falcon 900,exterior,https://img.wongnai.com/p/1920x0/2022/09/10/75ab6ef4874f46658e1b94e22244da7f.jpg,img.wongnai.com,C:\Users\rajsh\OneDrive\Desktop\MY First PYTHON\Aircraft_Images\Falcon 900\exterior_03.jpg
Falcon 900,exterior,https://cdn.ennxo.com/uploads/products/640/dc7a09197a074f2fb93a47c747589b4b.jpg,cdn.ennxo.com,C:\Users\rajsh\OneDrive\Desktop\MY First PYTHON\Aircraft_Images\Falcon 900\exterior_04.jpg
Falcon 900,exterior,https://img.wongnai.com/p/1920x0/2015/11/28/8008ef98271c41a0924a2dcb8bd6e99b.jpg,img.wongnai.com,C:\Users\rajsh\OneDrive\Desktop\MY First PYTHON\Aircraft_Images\Falcon 900\exterior_05.jpg
Falcon 900,interior,https://tagwebsitecdn.azureedge.net/media/c0zcd0r2/falcon-900_int2.jpg,tagwebsitecdn.azureedge.net,C:\Users\rajsh\OneDrive\Desktop\MY First PYTHON\Aircraft_Images\Falcon 900\interior_01.jpg
Falcon 900,interior,https://www.dassaultfalcon.com/app/uploads/2022/09/04.-Cabin2_900LX_Desktop.jpg,www.dassaultfalcon.com,C:\Users\rajsh\OneDrive\Desktop\MY First PYTHON\Aircraft_Images\Falcon 900\interior_02.jpg
Falcon 900,interior,https://www.libertyjet.com/img/aircraft/Falcon-900-int.jpg,www.libertyjet.com,C:\Users\rajsh\OneDrive\Desktop\MY First PYTHON\Aircraft_Images\Falcon 900\interior_03.jpg
Falcon 900,interior,https://boltflight.com/photos/falcon-900b-luxury-cabin-interior-leather-seating-70122.jpg,boltflight.com,C:\Users\rajsh\OneDrive\Desktop\MY First PYTHON\Aircraft_Images\Falcon 900\interior_04.jpg
Falcon 900,interior,https://d305e7uqmbt0pv.cloudfront.net/production/images/aircraft/dassault/falcon-900lx/en/gallery/private-jet-charter-dassault-falcon-900lx-aircraft-inside.jpg?width=1496,d305e7uqmbt0pv.cloudfront.net,C:\Users\rajsh\OneDrive\Desktop\MY First PYTHON\Aircraft_Images\Falcon 900\interior_05.jpg
Falcon 900,interior,"https://i2.wp.com/starrluxuryjets.com/wp-content/uploads/2020/07/SLJ-falcon-900-900ex-interior-800x600-1.jpg?fit=800,600&ssl=1",i2.wp.com,C:\Users\rajsh\OneDrive\Desktop\MY First PYTHON\Aircraft_Images\Falcon 900\interior_06.jpg
Falcon 900,interior,https://chapmanfreeborn.aero/wp-content/uploads/2025/01/Interior-2.jpg,chapmanfreeborn.aero,C:\Users\rajsh\OneDrive\Desktop\MY First PYTHON\Aircraft_Images\Falcon 900\interior_07.jpg
Falcon 900,interior,http://hauteliving.com/wp-content/uploads/2013/10/538_dassault_falcon-900-b.jpg,hauteliving.com,C:\Users\rajsh\OneDrive\Desktop\MY First PYTHON\Aircraft_Images\Falcon 900\interior_08.jpg
Falcon 900,interior,https://images.aircharterservice.com/global/aircraft-guide/private-charter/dassault-falcon-900b-4.jpg,images.aircharterservice.com,C:\Users\rajsh\OneDrive\Desktop\MY First PYTHON\Aircraft_Images\Falcon 900\interior_09.jpg
Falcon 900,interior,https://images.aircharterservice.com/content/dassault-falcon-900ex-interior-layout.jpg,images.aircharterservice.com,C:\Users\rajsh\OneDrive\Desktop\MY First PYTHON\Aircraft_Images\Falcon 900\interior_10.jpg
G7500 Gulfstream,exterior,https://www.aviatrade.aero/wp-content/uploads/2025/01/newg700photo.webp,www.aviatrade.aero,C:\Users\rajsh\OneDrive\Desktop\MY First PYTHON\Aircraft_Images\G7500 Gulfstream\exterior_01.jpg
G7500 Gulfstream,exterior,https://i.pinimg.com/originals/d9/d2/0f/d9d20fb6068986ed68c502c37da1e81e.jpg,i.pinimg.com,C:\Users\rajsh\OneDrive\Desktop\MY First PYTHON\Aircraft_Images\G7500 Gulfstream\exterior_02.jpg
G7500 Gulfstream,exterior,https://wallpapercave.com/wp/wp10341362.jpg,wallpapercave.com,C:\Users\rajsh\OneDrive\Desktop\MY First PYTHON\Aircraft_Images\G7500 Gulfstream\exterior_03.jpg
G7500 Gulfstream,exterior,https://bjtonline.com/sites/default/files/fqfhkzyxgamvlu3-1_new.jpg,bjtonline.com,C:\Users\rajsh\OneDrive\Desktop\MY First PYTHON\Aircraft_Images\G7500 Gulfstream\exterior_04.jpg
G7500 Gulfstream,exterior,https://static1.simpleflyingimages.com/wordpress/wp-content/uploads/2024/04/g700-2-20230905.jpg,static1.simpleflyingimages.com,C:\Users\rajsh\OneDrive\Desktop\MY First PYTHON\Aircraft_Images\G7500 Gulfstream\exterior_05.jpg
G7500 Gulfstream,interior,https://aviationweek.com/sites/default/files/styles/crop_freeform/public/2020-10/gulfstreamseats.jpg?itok=AuObUmBT,aviationweek.com,C:\Users\rajsh\OneDrive\Desktop\MY First PYTHON\Aircraft_Images\G7500 Gulfstream\interior_01.jpg
G7500 Gulfstream,interior,https://rhoadesyoung.com/wp-content/uploads/2024/08/G700-Main-cabin.jpg,rhoadesyoung.com,C:\Users\rajsh\OneDrive\Desktop\MY First PYTHON\Aircraft_Images\G7500 Gulfstream\interior_02.jpg
G7500 Gulfstream,interior,https://robbreport.com/wp-content/uploads/2023/06/4.-basem-interior-Screen-Shot-2023-06-29-at-3.39.19-PM.png?resize=681,robbreport.com,C:\Users\rajsh\OneDrive\Desktop\MY First PYTHON\Aircraft_Images\G7500 Gulfstream\interior_03.jpg
G7500 Gulfstream,interior,https://assets.gulfstream.aero/thedotcom/images/aircraft/g700/d_g700_i_mkt_00097_PROD.jpg,assets.gulfstream.aero,C:\Users\rajsh\OneDrive\Desktop\MY First PYTHON\Aircraft_Images\G7500 Gulfstream\interior_04.jpg
G7500 Gulfstream,interior,https://resources.globalair.com/images/article/Gulfstream-G700-Grand-Suite.20220908.jpg?w=800,resources.globalair.com,C:\Users\rajsh\OneDrive\Desktop\MY First PYTHON\Aircraft_Images\G7500 Gulfstream\interior_05.jpg
G7500 Gulfstream,interior,https://thepointsguy.global.ssl.fastly.net/us/originals/2022/10/GulfstreamNBAAEKlapper-2.jpg?width=640,thepointsguy.global.ssl.fastly.net,C:\Users\rajsh\OneDrive\Desktop\MY First PYTHON\Aircraft_Images\G7500 Gulfstream\interior_06.jpg
G7500 Gulfstream,interior,https://specials-images.forbesimg.com/imageserve/68cc3f9dd9d432e8dce6fcb9/Flexjet-G700-Doug-Gollan/960x0.jpg?fit=scale,specials-images.forbesimg.com,C:\Users\rajsh\OneDrive\Desktop\MY First PYTHON\Aircraft_Images\G7500 Gulfstream\interior_07.jpg
G7500 Gulfstream,interior,https://resources.globalair.com/images/article/g700-interior.jpg?w=800,resources.globalair.com,C:\Users\rajsh\OneDrive\Desktop\MY First PYTHON\Aircraft_Images\G7500 Gulfstream\interior_08.jpg
G7500 Gulfstream,interior,https://s.yimg.com/ny/api/res/1.2/JvVReIMUN.JaJ4guG.gu4w--/YXBwaWQ9aGlnaGxhbmRlcjt3PTEyNDI7aD05MzE-/https://media.zenfs.com/en/aol_insider_articles_823/9b7f62f367dfd72109afe9750b096f04,s.yimg.com,C:\Users\rajsh\OneDrive\Desktop\MY First PYTHON\Aircraft_Images\G7500 Gulfstream\interior_09.jpg
G7500 Gulfstream,interior,https://assets.gulfstream.aero/thedotcom/images/aircraft/g700/d_g700_i_mkt_00143_webPROD.jpg,assets.gulfstream.aero,C:\Users\rajsh\OneDrive\Desktop\MY First PYTHON\Aircraft_Images\G7500 Gulfstream\interior_10.jpg
Global Express,exterior,https://globaljetcentre.com/wp-content/uploads/2023/04/Global-Express-Exterior-1.jpg,globaljetcentre.com,C:\Users\rajsh\OneDrive\Desktop\MY First PYTHON\Aircraft_Images\Global Express\exterior_01.jpg
Global Express,exterior,https://www.corporatejetinvestor.com/wp-content/uploads/2022/12/Flying_Colours_Corp._completes_glittering_240-month_Global_Express_heavy_inspectionX.jpg,www.corporatejetinvestor.com,C:\Users\rajsh\OneDrive\Desktop\MY First PYTHON\Aircraft_Images\Global Express\exterior_02.jpg
Global Express,exterior,https://resources.globalair.com/specs/images/Jets/Bombardier/Global/Express/Exterior/ext1.jpg?w=650&h=430&mode=max,resources.globalair.com,C:\Users\rajsh\OneDrive\Desktop\MY First PYTHON\Aircraft_Images\Global Express\exterior_03.jpg
Global Express,exterior,https://avpay.aero/wp-content/uploads/2009-Bombardier-Global-Express-XRS-For-Sale-In-India-From-ACASS-On-AvPay-aircraft-exterior-left-side.jpeg,avpay.aero,C:\Users\rajsh\OneDrive\Desktop\MY First PYTHON\Aircraft_Images\Global Express\exterior_04.jpg
Global Express,exterior,https://avpay.aero/wp-content/uploads/Bombardier-Global-Express-XRS-Ultra-Long-Range-Jet-Aircraft-For-Charter-From-Gestair-on-AvPay-aircraft-exterior-in-flight-over-sea.jpg,avpay.aero,C:\Users\rajsh\OneDrive\Desktop\MY First PYTHON\Aircraft_Images\Global Express\exterior_05.jpg
Global Express,interior,https://i.pinimg.com/originals/a3/33/6c/a3336c5896a2011489f60c913b52bf7c.jpg,i.pinimg.com,C:\Users\rajsh\OneDrive\Desktop\MY First PYTHON\Aircraft_Images\Global Express\interior_01.jpg
Global Express,interior,https://jetsplore.com/wp-content/uploads/2022/06/GLOBAL-EXPRESS-XRS-B2.jpg,jetsplore.com,C:\Users\rajsh\OneDrive\Desktop\MY First PYTHON\Aircraft_Images\Global Express\interior_02.jpg
Global Express,interior,https://www.claylacy.com/wp-content/uploads/2016/09/BGE-E5C2951.jpg,www.claylacy.com,C:\Users\rajsh\OneDrive\Desktop\MY First PYTHON\Aircraft_Images\Global Express\interior_03.jpg
Global Express,interior,https://www.claylacy.com/wp-content/uploads/2016/09/Global-Express-04.jpg,www.claylacy.com,C:\Users\rajsh\OneDrive\Desktop\MY First PYTHON\Aircraft_Images\Global Express\interior_04.jpg
Global Express,interior,https://images.aircharterservice.com/global/aircraft-guide/private-charter/bombardier-global-express-5.jpg,images.aircharterservice.com,C:\Users\rajsh\OneDrive\Desktop\MY First PYTHON\Aircraft_Images\Global Express\interior_05.jpg
Global Express,interior,https://static0.simpleflyingimages.com/wordpress/wp-content/uploads/2023/11/bombardier-global-6500-interior.jpeg?q=49&fit=crop&w=825&dpr=2,static0.simpleflyingimages.com,C:\Users\rajsh\OneDrive\Desktop\MY First PYTHON\Aircraft_Images\Global Express\interior_06.jpg
Global Express,interior,https://haute-aviation.com/wp-content/uploads/2024/05/bombardier-global-express-interior-01-768x512.webp,haute-aviation.com,C:\Users\rajsh\OneDrive\Desktop\MY First PYTHON\Aircraft_Images\Global Express\interior_07.jpg
Global Express,interior,https://aircraft.mira-aviation.com/media/2022/03/Bombardier-Global-Express-2.jpeg,aircraft.mira-aviation.com,C:\Users\rajsh\OneDrive\Desktop\MY First PYTHON\Aircraft_Images\Global Express\interior_08.jpg
Global Express,interior,http://www.axonaviation.com/images/uploads/Interior_II.jpg,www.axonaviation.com,C:\Users\rajsh\OneDrive\Desktop\MY First PYTHON\Aircraft_Images\Global Express\interior_09.jpg
Global Express,interior,http://imgproc.airliners.net/photos/airliners/8/7/4/2347478.jpg?v=v40,imgproc.airliners.net,C:\Users\rajsh\OneDrive\Desktop\MY First PYTHON\Aircraft_Images\Global Express\interior_10.jpg
Global 5000,exterior,https://www.paravionltd.com/app/uploads/2020/05/7796_G5000_EXTERIOR.jpg,www.paravionltd.com,C:\Users\rajsh\OneDrive\Desktop\MY First PYTHON\Aircraft_Images\Global 5000\exterior_01.jpg
Global 5000,exterior,https://www.vistajet.com/globalassets/images/aircraft/global-5000/2025/global-5000-exterior.webp,www.vistajet.com,C:\Users\rajsh\OneDrive\Desktop\MY First PYTHON\Aircraft_Images\Global 5000\exterior_02.jpg
Global 5000,exterior,https://jetvip.com/media/models/38946/e4c2074584bb6a964da6c61861289efb.jpg,jetvip.com,C:\Users\rajsh\OneDrive\Desktop\MY First PYTHON\Aircraft_Images\Global 5000\exterior_03.jpg
Global 5000,exterior,https://images.aircharterservice.com/global/aircraft-guide/private-charter/bombardier-global-5000-5.jpg,images.aircharterservice.com,C:\Users\rajsh\OneDrive\Desktop\MY First PYTHON\Aircraft_Images\Global 5000\exterior_04.jpg
Global 5000,exterior,https://www.aso.com/uploads/acImages/150748/ext-1_28.jpg,www.aso.com,C:\Users\rajsh\OneDrive\Desktop\MY First PYTHON\Aircraft_Images\Global 5000\exterior_05.jpg
Global 6000,interior,https://www.jftjet.com/wp-content/uploads/2022/02/05-BOMBARDIER-GLOBAL-6000.jpg,www.jftjet.com,C:\Users\rajsh\OneDrive\Desktop\MY First PYTHON\Aircraft_Images\Global 6000\interior_01.jpg
Global 6000,interior,https://aerovisto.com/wp-content/uploads/7881_LoWM_Global6000_2402-1024x683.jpg,aerovisto.com,C:\Users\rajsh\OneDrive\Desktop\MY First PYTHON\Aircraft_Images\Global 6000\interior_02.jpg
Global 6000,interior,https://robbreport.com/wp-content/uploads/2022/07/OfficinaArmare_Global6000_6.jpg?w=1000,robbreport.com,C:\Users\rajsh\OneDrive\Desktop\MY First PYTHON\Aircraft_Images\Global 6000\interior_03.jpg
Global 6000,interior,https://2.bp.blogspot.com/-tP2nbetuMPQ/XI3SY_kaAYI/AAAAAAAAA1s/qBnHaUUiBEUbuoTM6hkti2_zI8I7jXbDwCEwYBhgL/s640/Bombardier-Global-6000-cabin.JPG,2.bp.blogspot.com,C:\Users\rajsh\OneDrive\Desktop\MY First PYTHON\Aircraft_Images\Global 6000\interior_04.jpg
Global 6000,interior,https://www.claylacy.com/wp-content/uploads/2018/03/Global_6000_Interior.jpg,www.claylacy.com,C:\Users\rajsh\OneDrive\Desktop\MY First PYTHON\Aircraft_Images\Global 6000\interior_05.jpg
Global 6000,interior,https://live.staticflickr.com/8470/8135180714_1f79d34658_b.jpg,live.staticflickr.com,C:\Users\rajsh\OneDrive\Desktop\MY First PYTHON\Aircraft_Images\Global 6000\interior_06.jpg
Global 6000,interior,https://robbreportmonaco.com/wp-content/uploads/2024/06/2.-WD524-122-copy.webp,robbreportmonaco.com,C:\Users\rajsh\OneDrive\Desktop\MY First PYTHON\Aircraft_Images\Global 6000\interior_07.jpg
Global 6000,interior,http://www.luchtzak.be/wp-content/uploads/2015/02/Bombardier_Global_6000_interior_2.jpg,www.luchtzak.be,C:\Users\rajsh\OneDrive\Desktop\MY First PYTHON\Aircraft_Images\Global 6000\interior_08.jpg
Global 6000,interior,https://imgproc.airliners.net/photos/airliners/8/7/4/2347478.jpg?v=v40,imgproc.airliners.net,C:\Users\rajsh\OneDrive\Desktop\MY First PYTHON\Aircraft_Images\Global 6000\interior_09.jpg
Global 6000,interior,https://stupiddope.com/wp-content/uploads/2024/06/Revamped-Winch-Design-Transforms-Bombardier-Global-6000-Private-Jet-5.jpg,stupiddope.com,C:\Users\rajsh\OneDrive\Desktop\MY First PYTHON\Aircraft_Images\Global 6000\interior_10.jpg
Global 7500,exterior,https://bombardier.com/sites/default/files/styles/gallery_media_slideshow_desktop/public/2025-10/Exterior_Global+7500+SN+70050_4.jpg.webp?itok=XBMjcyGz,bombardier.com,C:\Users\rajsh\OneDrive\Desktop\MY First PYTHON\Aircraft_Images\Global 7500\exterior_01.jpg
Global 7500,exterior,https://cdn.avbuyer.com/live/uploads/image/370701_370800/aircraft-private-jets-bombardier-global-7500-370746_37f89bd658991620.jpg,cdn.avbuyer.com,C:\Users\rajsh\OneDrive\Desktop\MY First PYTHON\Aircraft_Images\Global 7500\exterior_02.jpg
Global 7500,exterior,https://bombardier.com/sites/default/files/styles/preowned_header_d/public/styles/preowned_header/public/2025-10/Exterior_Global+7500+SN+70057_2.jpg.webp?itok=4lTHLMuq,bombardier.com,C:\Users\rajsh\OneDrive\Desktop\MY First PYTHON\Aircraft_Images\Global 7500\exterior_03.jpg
Global 7500,exterior,https://www.vistajet.com/globalassets/images/aircraft/global-7500/vistajet-bombardier-global-7500-exterior-steps.jpg?width=1600&height=1200&mode=max&upscale=false,www.vistajet.com,C:\Users\rajsh\OneDrive\Desktop\MY First PYTHON\Aircraft_Images\Global 7500\exterior_04.jpg
Global 7500,exterior,https://static0.simpleflyingimages.com/wordpress/wp-content/uploads/2025/10/global-7500-exterior-poster-horizontal_4.jpg?q=49&fit=crop&w=825&dpr=2,static0.simpleflyingimages.com,C:\Users\rajsh\OneDrive\Desktop\MY First PYTHON\Aircraft_Images\Global 7500\exterior_05.jpg
Global 7500,interior,https://www.avconjet.at/wp-content/uploads/2024/07/Avcon_Jet_Bombardier_Global_7500_cabin_1.webp,www.avconjet.at,C:\Users\rajsh\OneDrive\Desktop\MY First PYTHON\Aircraft_Images\Global 7500\interior_01.jpg
Global 7500,interior,https://robbreport.com/wp-content/uploads/2019/02/bombardier-g7500_cabin.jpg,robbreport.com,C:\Users\rajsh\OneDrive\Desktop\MY First PYTHON\Aircraft_Images\Global 7500\interior_02.jpg
Global 7500,interior,https://privatejetinsider.com/wp-content/uploads/2026/03/jay-z-beyonce-bombardier-global-7500-celebrity-pri-inline-1-20260302040736.webp,privatejetinsider.com,C:\Users\rajsh\OneDrive\Desktop\MY First PYTHON\Aircraft_Images\Global 7500\interior_03.jpg
Global 7500,interior,https://www.claylacy.com/wp-content/uploads/2024/11/Global-7500-10.jpg,www.claylacy.com,C:\Users\rajsh\OneDrive\Desktop\MY First PYTHON\Aircraft_Images\Global 7500\interior_04.jpg
Global 7500,interior,https://static1.simpleflyingimages.com/wordpress/wp-content/uploads/2023/12/ddba0911g_global7500_wfdsc2447copy_v2.jpg,static1.simpleflyingimages.com,C:\Users\rajsh\OneDrive\Desktop\MY First PYTHON\Aircraft_Images\Global 7500\interior_05.jpg
Global 7500,interior,https://first-jets.com/wp-content/uploads/2022/03/Global-7500-Master-Suite-Day.jpg,first-jets.com,C:\Users\rajsh\OneDrive\Desktop\MY First PYTHON\Aircraft_Images\Global 7500\interior_06.jpg
Global 7500,interior,https://cdn.luxatic.com/wp-content/uploads/2018/11/Bombardier-Global-7500-Mock-Up-Tour-4.jpg,cdn.luxatic.com,C:\Users\rajsh\OneDrive\Desktop\MY First PYTHON\Aircraft_Images\Global 7500\interior_07.jpg
Global 7500,interior,https://aviationweek.com/sites/default/files/styles/crop_freeform/public/inline-images/Global-7500_interior_dining.jpg?itok=zoK_1j7_,aviationweek.com,C:\Users\rajsh\OneDrive\Desktop\MY First PYTHON\Aircraft_Images\Global 7500\interior_08.jpg
Global 7500,interior,https://www.bjtonline.com/sites/bjtonline.com/files/uploads/2019/01/c-fxai-zones-1-and-2.jpg,www.bjtonline.com,C:\Users\rajsh\OneDrive\Desktop\MY First PYTHON\Aircraft_Images\Global 7500\interior_09.jpg
Global 7500,interior,https://1.bp.blogspot.com/-1Z4F6IIZt5U/XI5gzYa-7uI/AAAAAAAAA2o/EtNjML3ppWQ9qqlZ9c_16gNj_mYRlix7gCEwYBhgL/s640/Bombardier-Global-7500-cabin.JPG,1.bp.blogspot.com,C:\Users\rajsh\OneDrive\Desktop\MY First PYTHON\Aircraft_Images\Global 7500\interior_10.jpg
Gulfstream G650,exterior,https://www.jetcraft.com/wp-content/uploads/2016/06/G650-Exterior.jpg,www.jetcraft.com,C:\Users\rajsh\OneDrive\Desktop\MY First PYTHON\Aircraft_Images\Gulfstream G650\exterior_01.jpg
Gulfstream G650,exterior,https://www.aso.com/uploads/acImages/161705/1_29.jpg,www.aso.com,C:\Users\rajsh\OneDrive\Desktop\MY First PYTHON\Aircraft_Images\Gulfstream G650\exterior_02.jpg
Gulfstream G650,exterior,https://static0.simpleflyingimages.com/wordpress/wp-content/uploads/2024/11/g650_sn-6232_exterior.jpg?q=49&fit=crop&w=825&dpr=2,static0.simpleflyingimages.com,C:\Users\rajsh\OneDrive\Desktop\MY First PYTHON\Aircraft_Images\Gulfstream G650\exterior_03.jpg
Gulfstream G650,exterior,https://images.aircharterservice.com/global/aircraft-guide/private-charter/gulfstream-g650-3.jpg,images.aircharterservice.com,C:\Users\rajsh\OneDrive\Desktop\MY First PYTHON\Aircraft_Images\Gulfstream G650\exterior_04.jpg
Gulfstream G650,exterior,https://www.sharpjets.com/wp-content/uploads/2018/03/G650-exterior.png,www.sharpjets.com,C:\Users\rajsh\OneDrive\Desktop\MY First PYTHON\Aircraft_Images\Gulfstream G650\exterior_05.jpg
Gulfstream GV,exterior,https://www.axiomav.com/wp-content/uploads/2024/06/1-G550-SN-5265-Exterior-1.jpg,www.axiomav.com,C:\Users\rajsh\OneDrive\Desktop\MY First PYTHON\Aircraft_Images\Gulfstream GV\exterior_01.jpg
Gulfstream GV,exterior,https://static.showit.co/800/qASCzU6mTSS2PU3LWBqf9w/shared/overall_exterior.jpg,static.showit.co,C:\Users\rajsh\OneDrive\Desktop\MY First PYTHON\Aircraft_Images\Gulfstream GV\exterior_02.jpg
Gulfstream GV,exterior,https://first-jets.com/wp-content/uploads/2023/06/G550-ext-2.jpeg,first-jets.com,C:\Users\rajsh\OneDrive\Desktop\MY First PYTHON\Aircraft_Images\Gulfstream GV\exterior_03.jpg
Gulfstream GV,exterior,https://cdn.avbuyer.com/live/uploads/image/372501_372600/aircraft-private-jets-gulfstream-g550-372508_e578b653301c37fe.jpg,cdn.avbuyer.com,C:\Users\rajsh\OneDrive\Desktop\MY First PYTHON\Aircraft_Images\Gulfstream GV\exterior_04.jpg
Gulfstream GV,exterior,https://assets.website-files.com/6205123c67d23ef7b2957c22/63d28bf36c205121a9ad02fe_2008-Gulfstream-G550_001.jpg,assets.website-files.com,C:\Users\rajsh\OneDrive\Desktop\MY First PYTHON\Aircraft_Images\Gulfstream GV\exterior_05.jpg
Gulfstream GVI,exterior,https://5.imimg.com/data5/SELLER/Default/2022/6/ID/MW/RF/28879608/t-shirt-stickers-500x500.jpg,5.imimg.com,C:\Users\rajsh\OneDrive\Desktop\MY First PYTHON\Aircraft_Images\Gulfstream GVI\exterior_01.jpg
Gulfstream GVI,interior,https://assets.gulfstream.aero/thedotcom/images/aircraft/g650er/d_g650_g650ER_i_mkt_0111_web.jpg,assets.gulfstream.aero,C:\Users\rajsh\OneDrive\Desktop\MY First PYTHON\Aircraft_Images\Gulfstream GVI\interior_01.jpg
Gulfstream GVI,interior,https://images.squarespace-cdn.com/content/v1/6069e3206e21d71a9a962875/dddbc5e4-3ab5-4d48-9979-e4cc04419741/G650ER+N889LV+2+Forward+Cabin+1+Large.jpeg,images.squarespace-cdn.com,C:\Users\rajsh\OneDrive\Desktop\MY First PYTHON\Aircraft_Images\Gulfstream GVI\interior_02.jpg
Gulfstream GVI,interior,https://privatejetinsider.com/wp-content/uploads/2026/01/michael-jordan-gulfstream-g650er-custom-livery-per-inline-2-20260131013719.webp,privatejetinsider.com,C:\Users\rajsh\OneDrive\Desktop\MY First PYTHON\Aircraft_Images\Gulfstream GVI\interior_03.jpg
Gulfstream GVI,interior,https://www.wingaviation.com/assets/images/fleet/gulfstream-g650er-n650fj-3.jpg,www.wingaviation.com,C:\Users\rajsh\OneDrive\Desktop\MY First PYTHON\Aircraft_Images\Gulfstream GVI\interior_04.jpg
Gulfstream GVI,interior,https://robbreport.com/wp-content/uploads/2016/06/g650er-interior-0111.jpg,robbreport.com,C:\Users\rajsh\OneDrive\Desktop\MY First PYTHON\Aircraft_Images\Gulfstream GVI\interior_05.jpg
Gulfstream GVI,interior,https://www.jetaviation.com/wp-content/uploads/2024/06/XYS05457-HDR-Edit_FINAL.jpg?resize=1545,www.jetaviation.com,C:\Users\rajsh\OneDrive\Desktop\MY First PYTHON\Aircraft_Images\Gulfstream GVI\interior_06.jpg
Gulfstream GVI,interior,https://tagassets.blob.core.windows.net/media/tzuffcf2/gulfstream-g650er-t7-lxx-_int2.jpg,tagassets.blob.core.windows.net,C:\Users\rajsh\OneDrive\Desktop\MY First PYTHON\Aircraft_Images\Gulfstream GVI\interior_07.jpg
Gulfstream GVI,interior,http://aircraftmarket.co.uk/wp-content/uploads/2025/01/int_aft_cabin.jpg,aircraftmarket.co.uk,C:\Users\rajsh\OneDrive\Desktop\MY First PYTHON\Aircraft_Images\Gulfstream GVI\interior_08.jpg
Gulfstream GVI,interior,https://www.hautetime.com/wp-content/uploads/2018/04/33.Gulfstream_G650ER_Interior-Haute-Living-United-States-min.jpg,www.hautetime.com,C:\Users\rajsh\OneDrive\Desktop\MY First PYTHON\Aircraft_Images\Gulfstream GVI\interior_09.jpg
Gulfstream GVI,interior,https://images.aircharterservice.com/global/aircraft-guide/private-charter/gulfstream-g650-6.jpg,images.aircharterservice.com,C:\Users\rajsh\OneDrive\Desktop\MY First PYTHON\Aircraft_Images\Gulfstream GVI\interior_10.jpg
H145,interior,https://www.airbus.com/sites/g/files/jlcbta136/files/2021-11/ACH145-vegan-interior-1_0.jpg,www.airbus.com,C:\Users\rajsh\OneDrive\Desktop\MY First PYTHON\Aircraft_Images\H145\interior_01.jpg
H145,interior,https://1.bp.blogspot.com/-N0e5IC4JwPo/Xbuykx3JzWI/AAAAAAAACmw/jnevWY0GpMgEaDXenAKUCmRd-DNVjgXqgCEwYBhgL/s640/Airbus-H145-interior.JPG,1.bp.blogspot.com,C:\Users\rajsh\OneDrive\Desktop\MY First PYTHON\Aircraft_Images\H145\interior_02.jpg
H145,interior,https://www.aeroasset.com/img/pic_big_09/H145D2-20028_09_2022x1130.jpg,www.aeroasset.com,C:\Users\rajsh\OneDrive\Desktop\MY First PYTHON\Aircraft_Images\H145\interior_03.jpg
H145,interior,"https://airbus-h.assetsadobe2.com/is/image/content/dam/channel-specific/website-/products-and-services/helicopters/H145-EMS-configuration-hd.png?wid=1920&fit=fit,1&qlt=85,0",airbus-h.assetsadobe2.com,C:\Users\rajsh\OneDrive\Desktop\MY First PYTHON\Aircraft_Images\H145\interior_04.jpg
H145,interior,https://aerolite.ch/userfiles/images/galleries/H145/H145_10_1000.jpg,aerolite.ch,C:\Users\rajsh\OneDrive\Desktop\MY First PYTHON\Aircraft_Images\H145\interior_05.jpg
H145,interior,https://www.aeroasset.com/img/pic_big_10/H145D2-20028_10_2022x1130b.jpg,www.aeroasset.com,C:\Users\rajsh\OneDrive\Desktop\MY First PYTHON\Aircraft_Images\H145\interior_06.jpg
H145,interior,https://maceaero.com/wp-content/uploads/2021/03/IMG_1384-scaled.jpg,maceaero.com,C:\Users\rajsh\OneDrive\Desktop\MY First PYTHON\Aircraft_Images\H145\interior_07.jpg
H145,interior,https://www.sunstarjets.com/wp-content/uploads/2020/09/Airbus-H145-D3-Interior.jpg,www.sunstarjets.com,C:\Users\rajsh\OneDrive\Desktop\MY First PYTHON\Aircraft_Images\H145\interior_08.jpg
H145,interior,"https://airbus-h.assetsadobe2.com/is/image/content/dam/channel-specific/website-/products-and-services/helicopters/H145-10-pax-configuration-hd.png?wid=1920&fit=fit,1&qlt=85,0",airbus-h.assetsadobe2.com,C:\Users\rajsh\OneDrive\Desktop\MY First PYTHON\Aircraft_Images\H145\interior_09.jpg
H145,interior,"https://media.cnn.com/api/v1/images/stellar/prod/180314103927-ach-145-2.jpg?q=w_1600,h_900,x_0,y_0,c_fill/h_778",media.cnn.com,C:\Users\rajsh\OneDrive\Desktop\MY First PYTHON\Aircraft_Images\H145\interior_10.jpg
King Air,exterior,http://okabe.co.jp/crownpileanchor/img/fig_range_02.jpg,okabe.co.jp,C:\Users\rajsh\OneDrive\Desktop\MY First PYTHON\Aircraft_Images\King Air\exterior_01.jpg
King Air,interior,https://beechcraft.txtav.com/-/media/beechcraft/images/aircraft/king-air/260/before-and-after-interiors/ka260-ba-cabin-before.jpg,beechcraft.txtav.com,C:\Users\rajsh\OneDrive\Desktop\MY First PYTHON\Aircraft_Images\King Air\interior_01.jpg
King Air,interior,https://c.flyradius.com/images/thumbnails/images-beechcraft-king-air-c90gtx-beechcraft-king-air-c90gtx-beechwood-interior-fit-500x380.jpg,c.flyradius.com,C:\Users\rajsh\OneDrive\Desktop\MY First PYTHON\Aircraft_Images\King Air\interior_02.jpg
King Air,interior,https://airlinesconnection.com/app/uploads/2018/09/beechcraft-king-air-350i-interior-airlines-connection.jpg,airlinesconnection.com,C:\Users\rajsh\OneDrive\Desktop\MY First PYTHON\Aircraft_Images\King Air\interior_03.jpg
King Air,interior,https://airlinesconnection.com/app/uploads/2018/09/beechcraft-king-air-c90gtx-interior-airlines-connection-1.jpg,airlinesconnection.com,C:\Users\rajsh\OneDrive\Desktop\MY First PYTHON\Aircraft_Images\King Air\interior_04.jpg
King Air,interior,https://beechcraft.txtav.com/-/media/beechcraft/images/aircraft/king-air/260/before-and-after-interiors/ka260-ba-cabin-after.ashx,beechcraft.txtav.com,C:\Users\rajsh\OneDrive\Desktop\MY First PYTHON\Aircraft_Images\King Air\interior_05.jpg
King Air,interior,https://www.shutterstock.com/shutterstock/photos/2083576630/display_1500/stock-photo-beechcraft-king-air-airpalne-interior-cabin-2083576630.jpg,www.shutterstock.com,C:\Users\rajsh\OneDrive\Desktop\MY First PYTHON\Aircraft_Images\King Air\interior_06.jpg
King Air,interior,https://c.flyradius.com/images/beechcraft/king-air-c90gtx/beechcraft-king-air-c90gtx-interior-main-cabin-seats.jpg,c.flyradius.com,C:\Users\rajsh\OneDrive\Desktop\MY First PYTHON\Aircraft_Images\King Air\interior_07.jpg
King Air,interior,"https://static.wixstatic.com/media/f57485_30890f69295948a797a2340e8c9bf7ad~mv2.jpg/v1/fill/w_650,h_395,al_c,q_90/f57485_30890f69295948a797a2340e8c9bf7ad~mv2.jpg",static.wixstatic.com,C:\Users\rajsh\OneDrive\Desktop\MY First PYTHON\Aircraft_Images\King Air\interior_08.jpg
King Air,interior,http://uppervalleyaviation.com/wp-content/uploads/2018/09/Beech-King-Air-Paint-and-Interior-09.jpg,uppervalleyaviation.com,C:\Users\rajsh\OneDrive\Desktop\MY First PYTHON\Aircraft_Images\King Air\interior_09.jpg
King Air,interior,https://tagwebsitecdn.azureedge.net/media/nd3btb3x/king-air-200_int2.jpg,tagwebsitecdn.azureedge.net,C:\Users\rajsh\OneDrive\Desktop\MY First PYTHON\Aircraft_Images\King Air\interior_10.jpg
King Air B200,interior,https://assets-global.website-files.com/5d7d7c65a3db08693234410b/650c7292f3261017c1871fda_King+Air+interior19-min-p-2600.jpg,assets-global.website-files.com,C:\Users\rajsh\OneDrive\Desktop\MY First PYTHON\Aircraft_Images\King Air B200\interior_01.jpg
King Air B200,interior,https://charterscanner.com/media/jet-library/190/large/king_air_b200c-int-1.jpg,charterscanner.com,C:\Users\rajsh\OneDrive\Desktop\MY First PYTHON\Aircraft_Images\King Air B200\interior_02.jpg
King Air B200,interior,https://www.aeronavesavenda.com/wp-content/uploads/2025/09/beechcraft-king-air-b200-1997-7.jpeg,www.aeronavesavenda.com,C:\Users\rajsh\OneDrive\Desktop\MY First PYTHON\Aircraft_Images\King Air B200\interior_03.jpg
King Air B200,interior,https://airintersalonica.gr/wp-content/uploads/B200-Luxury-Turboprop-Airplane-cabin-interior-1.jpg,airintersalonica.gr,C:\Users\rajsh\OneDrive\Desktop\MY First PYTHON\Aircraft_Images\King Air B200\interior_04.jpg
King Air B200,interior,https://media.sandhills.com/1981-beechcraft-king-air-b200/img.axd?id=8022109566&wid=6072144879&rwl=False&p=&ext=&w=614&h=460&t=&lp=&c=True&wt=False&sz=Max&rt=0&checksum=sbNZkRCSuk4lcVOx8xGyVovAqTEeIFyZyeQzW6tAzlE=,media.sandhills.com,C:\Users\rajsh\OneDrive\Desktop\MY First PYTHON\Aircraft_Images\King Air B200\interior_05.jpg
King Air B200,interior,http://uppervalleyaviation.com/wp-content/uploads/2018/09/Beech-King-Air-Paint-and-Interior-09.jpg,uppervalleyaviation.com,C:\Users\rajsh\OneDrive\Desktop\MY First PYTHON\Aircraft_Images\King Air B200\interior_06.jpg
King Air B200,interior,http://d16bsf97ryvc45.cloudfront.net/Media/2013/01/kingair_b200gt_interior.jpg,d16bsf97ryvc45.cloudfront.net,C:\Users\rajsh\OneDrive\Desktop\MY First PYTHON\Aircraft_Images\King Air B200\interior_07.jpg
King Air B200,interior,https://i.pinimg.com/originals/87/d3/65/87d365cffed265f3162579eb8f2fc5cc.jpg,i.pinimg.com,C:\Users\rajsh\OneDrive\Desktop\MY First PYTHON\Aircraft_Images\King Air B200\interior_08.jpg
King Air B200,interior,https://cfsjets.com/wp-content/uploads/2015/07/King-air-7.jpg,cfsjets.com,C:\Users\rajsh\OneDrive\Desktop\MY First PYTHON\Aircraft_Images\King Air B200\interior_09.jpg
King Air B200,interior,https://www.jetaviva.com/wp-content/uploads/2022/07/DSCN8748_twyi9q.jpg,www.jetaviva.com,C:\Users\rajsh\OneDrive\Desktop\MY First PYTHON\Aircraft_Images\King Air B200\interior_10.jpg
Learjet 75,exterior,https://i.pinimg.com/originals/c6/5d/cd/c65dcdc9e3b61aa44c393c2b984646fd.jpg,i.pinimg.com,C:\Users\rajsh\OneDrive\Desktop\MY First PYTHON\Aircraft_Images\Learjet 75\exterior_01.jpg
Learjet 75,exterior,https://i.pinimg.com/736x/ed/7e/e8/ed7ee85f7cbd45db915c47eedac96782.jpg,i.pinimg.com,C:\Users\rajsh\OneDrive\Desktop\MY First PYTHON\Aircraft_Images\Learjet 75\exterior_02.jpg
Learjet 75,exterior,https://i.pinimg.com/736x/f6/f4/22/f6f422b800ef93ed191d477866dfb7d0.jpg,i.pinimg.com,C:\Users\rajsh\OneDrive\Desktop\MY First PYTHON\Aircraft_Images\Learjet 75\exterior_03.jpg
Learjet 75,exterior,https://i.pinimg.com/736x/10/6f/1d/106f1d680d7184fa5809388543e03690.jpg,i.pinimg.com,C:\Users\rajsh\OneDrive\Desktop\MY First PYTHON\Aircraft_Images\Learjet 75\exterior_04.jpg
Learjet 75,exterior,https://i.pinimg.com/736x/a9/af/5e/a9af5e94b2d344a260e3cc5b28e97e30.jpg,i.pinimg.com,C:\Users\rajsh\OneDrive\Desktop\MY First PYTHON\Aircraft_Images\Learjet 75\exterior_05.jpg
Learjet 75,interior,https://aircraft.mira-aviation.com/media/2022/03/Bombardier-Learjet-75-1-1024x664.jpeg,aircraft.mira-aviation.com,C:\Users\rajsh\OneDrive\Desktop\MY First PYTHON\Aircraft_Images\Learjet 75\interior_01.jpg
Learjet 75,interior,https://static1.simpleflyingimages.com/wordpress/wp-content/uploads/2023/07/n577lj_learjet_75_cabin.jpg,static1.simpleflyingimages.com,C:\Users\rajsh\OneDrive\Desktop\MY First PYTHON\Aircraft_Images\Learjet 75\interior_02.jpg
Learjet 75,interior,"https://i1.wp.com/starrluxuryjets.com/wp-content/uploads/2020/06/SLJ-IMAGE-Learjet75-interior-alt2-800X600.jpg?fit=800,600&ssl=1",i1.wp.com,C:\Users\rajsh\OneDrive\Desktop\MY First PYTHON\Aircraft_Images\Learjet 75\interior_03.jpg
Learjet 75,interior,https://www.2luxury2.com/wp-content/uploads/Quietest-most-private-cabin.jpg,www.2luxury2.com,C:\Users\rajsh\OneDrive\Desktop\MY First PYTHON\Aircraft_Images\Learjet 75\interior_04.jpg
Learjet 75,interior,https://www.menkoraviation.com/wp-content/uploads/2020/10/Bombardier_Learjet_75_Liberty_Cabin-980x621.jpeg,www.menkoraviation.com,C:\Users\rajsh\OneDrive\Desktop\MY First PYTHON\Aircraft_Images\Learjet 75\interior_05.jpg
Learjet 75,interior,https://bjtonline.com/sites/bjtonline.com/files/styles/bjt30_article_body/public/learjet_75_liberty_club-suite-2-seat-looking-rh-side.jpg?itok=Curqvd1O,bjtonline.com,C:\Users\rajsh\OneDrive\Desktop\MY First PYTHON\Aircraft_Images\Learjet 75\interior_06.jpg
Learjet 75,interior,https://aircraft.mira-aviation.com/media/2022/03/Bombardier-Learjet-75-2-1536x1024.jpeg,aircraft.mira-aviation.com,C:\Users\rajsh\OneDrive\Desktop\MY First PYTHON\Aircraft_Images\Learjet 75\interior_07.jpg
Learjet 75,interior,https://i.dailymail.co.uk/i/pix/2016/10/21/08/398D3F3600000578-3855448-The_new_Bombardier_Learjet_75_was_unveiled_today_pictured_comple-a-1_1477036252820.jpg,i.dailymail.co.uk,C:\Users\rajsh\OneDrive\Desktop\MY First PYTHON\Aircraft_Images\Learjet 75\interior_08.jpg
Learjet 75,interior,https://airplanesupdate.com/wp-content/uploads/2020/03/bombardier-learjet-75-spy-shots.jpeg,airplanesupdate.com,C:\Users\rajsh\OneDrive\Desktop\MY First PYTHON\Aircraft_Images\Learjet 75\interior_09.jpg
Learjet 75,interior,https://www.jetcraft.com/wp-content/uploads/2022/07/Learjet-75-300x200-1.jpg,www.jetcraft.com,C:\Users\rajsh\OneDrive\Desktop\MY First PYTHON\Aircraft_Images\Learjet 75\interior_10.jpg
Learjet 40,interior,https://images.aircharterservice.com/global/aircraft-guide/private-charter/bombardier-learjet-40-1.jpg,images.aircharterservice.com,C:\Users\rajsh\OneDrive\Desktop\MY First PYTHON\Aircraft_Images\Learjet 40\interior_01.jpg
Learjet 40,interior,http://d16bsf97ryvc45.cloudfront.net/Media/2013/01/learjet_40_interior.jpg,d16bsf97ryvc45.cloudfront.net,C:\Users\rajsh\OneDrive\Desktop\MY First PYTHON\Aircraft_Images\Learjet 40\interior_02.jpg
Learjet 40,interior,"https://i1.wp.com/starrluxuryjets.com/wp-content/uploads/2020/06/SLJ-image-Learjet40-interior-club3-800x600-1.jpg?fit=800,600&ssl=1",i1.wp.com,C:\Users\rajsh\OneDrive\Desktop\MY First PYTHON\Aircraft_Images\Learjet 40\interior_03.jpg
Learjet 40,interior,https://images.aircharterservice.com/content/bombardier-learjet-40xr-interior-slim.jpg,images.aircharterservice.com,C:\Users\rajsh\OneDrive\Desktop\MY First PYTHON\Aircraft_Images\Learjet 40\interior_04.jpg
Learjet 40,interior,https://i2.wp.com/starrluxuryjets.com/wp-content/uploads/2020/06/SLJ-image-learjet40-interior-club-800x600-1.jpg?w=800&ssl=1,i2.wp.com,C:\Users\rajsh\OneDrive\Desktop\MY First PYTHON\Aircraft_Images\Learjet 40\interior_05.jpg
Learjet 40,interior,https://starjets.net/wp-content/uploads/2016/04/aircraft-for-sale-290790.202.1.jpg,starjets.net,C:\Users\rajsh\OneDrive\Desktop\MY First PYTHON\Aircraft_Images\Learjet 40\interior_06.jpg
Learjet 40,interior,https://1.bp.blogspot.com/-ZTTGL1ChIHQ/XRqKzsZrI3I/AAAAAAAAHAA/m49e6_o7MygD8_IexjZrW673T4zCKM0-QCLcBGAs/s1600/LEARJET+40+%28AEROCLASSIFIEDS.COM%29.jpg,1.bp.blogspot.com,C:\Users\rajsh\OneDrive\Desktop\MY First PYTHON\Aircraft_Images\Learjet 40\interior_07.jpg
Learjet 40,interior,https://aviapages.com/media/2020/07/28/Interior.jpg,aviapages.com,C:\Users\rajsh\OneDrive\Desktop\MY First PYTHON\Aircraft_Images\Learjet 40\interior_08.jpg
Learjet 40,interior,https://c8.alamy.com/comp/AP1RY3/interior-of-bombadier-learjet-40-AP1RY3.jpg,c8.alamy.com,C:\Users\rajsh\OneDrive\Desktop\MY First PYTHON\Aircraft_Images\Learjet 40\interior_09.jpg
Learjet 40,interior,https://www.aslgroup.eu/images/fleet_fleet/s_c/1200x1200/studiovision-asl-220217-oohrg-lrpreview-009-sv5-7525_1645551542.jpg,www.aslgroup.eu,C:\Users\rajsh\OneDrive\Desktop\MY First PYTHON\Aircraft_Images\Learjet 40\interior_10.jpg
Learjet 45 XR,exterior,https://aircharterservice-globalcontent-live.cphostaccess.com/images/aircraft-guide-images/private/learjet2045_45xr20ex20pic_tcm36-3798.jpg,aircharterservice-globalcontent-live.cphostaccess.com,C:\Users\rajsh\OneDrive\Desktop\MY First PYTHON\Aircraft_Images\Learjet 45 XR\exterior_01.jpg
Learjet 45 XR,exterior,https://www.aviationadvisor.com/wp-content/uploads/2019/12/Lear-45XR-Exterior.jpg,www.aviationadvisor.com,C:\Users\rajsh\OneDrive\Desktop\MY First PYTHON\Aircraft_Images\Learjet 45 XR\exterior_02.jpg
Learjet 45 XR,exterior,https://cdn.avbuyer.com/live/uploads/image/373401_373500/aircraft-private-jets-bombardier-learjet-45xr-373495_92e4ec381d373cd7.jpg,cdn.avbuyer.com,C:\Users\rajsh\OneDrive\Desktop\MY First PYTHON\Aircraft_Images\Learjet 45 XR\exterior_03.jpg
Learjet 45 XR,exterior,https://c.flyradius.com/images/learjet-45/bombardier-learjet-45.jpg,c.flyradius.com,C:\Users\rajsh\OneDrive\Desktop\MY First PYTHON\Aircraft_Images\Learjet 45 XR\exterior_04.jpg
Learjet 45 XR,exterior,https://images.aircharterservice.com/global/aircraft-guide/private-charter/bombardier-learjet-45-3.jpg,images.aircharterservice.com,C:\Users\rajsh\OneDrive\Desktop\MY First PYTHON\Aircraft_Images\Learjet 45 XR\exterior_05.jpg
Learjet 45 XR,interior,https://c.flyradius.com/images/learjet-45/bombardier-learjet-45-xr-interior-cabin.jpg,c.flyradius.com,C:\Users\rajsh\OneDrive\Desktop\MY First PYTHON\Aircraft_Images\Learjet 45 XR\interior_01.jpg
Learjet 45 XR,interior,https://c.flyradius.com/images/learjet-45/learjet-45-interior-cabin.jpg,c.flyradius.com,C:\Users\rajsh\OneDrive\Desktop\MY First PYTHON\Aircraft_Images\Learjet 45 XR\interior_02.jpg
Learjet 45 XR,interior,https://cdn.avbuyer.com/live/uploads/image/373401_373500/aircraft-private-jets-bombardier-learjet-45xr-373495_a00530d652ebb787.jpg,cdn.avbuyer.com,C:\Users\rajsh\OneDrive\Desktop\MY First PYTHON\Aircraft_Images\Learjet 45 XR\interior_03.jpg
Learjet 45 XR,interior,https://www.aviationadvisor.com/wp-content/uploads/2019/12/Lear-45XR-Interior-2-2048x1366.jpg,www.aviationadvisor.com,C:\Users\rajsh\OneDrive\Desktop\MY First PYTHON\Aircraft_Images\Learjet 45 XR\interior_04.jpg
Learjet 45 XR,interior,https://www.jetaviva.com/aircraft/2010-bombardier-learjet-45xr/N474TC-CABIN02_g9awtg.jpg,www.jetaviva.com,C:\Users\rajsh\OneDrive\Desktop\MY First PYTHON\Aircraft_Images\Learjet 45 XR\interior_05.jpg
Learjet 45 XR,interior,https://www.aerojetme.com/wp-content/uploads/2020/11/learjet-45xr-inside.jpg,www.aerojetme.com,C:\Users\rajsh\OneDrive\Desktop\MY First PYTHON\Aircraft_Images\Learjet 45 XR\interior_06.jpg
Learjet 45 XR,interior,https://cdn.avbuyer.com/live/uploads/image/373201_373300/aircraft-private-jets-bombardier-learjet-45xr-373266_9a4ce42a34a38e80.jpg,cdn.avbuyer.com,C:\Users\rajsh\OneDrive\Desktop\MY First PYTHON\Aircraft_Images\Learjet 45 XR\interior_07.jpg
Learjet 45 XR,interior,https://aeroaffaires.com/wp-content/uploads/2019/04/lear45interior.png,aeroaffaires.com,C:\Users\rajsh\OneDrive\Desktop\MY First PYTHON\Aircraft_Images\Learjet 45 XR\interior_08.jpg
Learjet 45 XR,interior,https://www.aviationadvisor.com/wp-content/uploads/2019/12/Lear-45XR-5-1024x683.jpg,www.aviationadvisor.com,C:\Users\rajsh\OneDrive\Desktop\MY First PYTHON\Aircraft_Images\Learjet 45 XR\interior_09.jpg
Learjet 45 XR,interior,http://d2gihztvexslj9.cloudfront.net/wp-content/uploads/2020/06/Lear-Jet-45XR-Interior-4.jpg,d2gihztvexslj9.cloudfront.net,C:\Users\rajsh\OneDrive\Desktop\MY First PYTHON\Aircraft_Images\Learjet 45 XR\interior_10.jpg
Legacy 600,exterior,https://www.avconjet.at/wp-content/uploads/2023/02/AvconJet_OE-IBK_legacy600_exterior1-scaled.jpg,www.avconjet.at,C:\Users\rajsh\OneDrive\Desktop\MY First PYTHON\Aircraft_Images\Legacy 600\exterior_01.jpg
Legacy 600,exterior,https://www.jetcraft.com/wp-content/uploads/2020/03/Legacy-600-Header.jpg,www.jetcraft.com,C:\Users\rajsh\OneDrive\Desktop\MY First PYTHON\Aircraft_Images\Legacy 600\exterior_02.jpg
Legacy 600,exterior,https://static1.simpleflyingimages.com/wordpress/wp-content/uploads/2024/04/embraer-legacy-600-at-kbp-shutterstock_1556176133.jpg,static1.simpleflyingimages.com,C:\Users\rajsh\OneDrive\Desktop\MY First PYTHON\Aircraft_Images\Legacy 600\exterior_03.jpg
Legacy 600,exterior,https://www.claylacy.com/wp-content/uploads/2016/12/N900EM_Exterior2.jpg,www.claylacy.com,C:\Users\rajsh\OneDrive\Desktop\MY First PYTHON\Aircraft_Images\Legacy 600\exterior_04.jpg
Legacy 600,exterior,https://jetvip.com/media/models/43456/ecaa3817c1d47ba041d5ccea2ea1da95.jpg,jetvip.com,C:\Users\rajsh\OneDrive\Desktop\MY First PYTHON\Aircraft_Images\Legacy 600\exterior_05.jpg
Legacy 600,interior,https://aerovisto.com/wp-content/uploads/elementor/thumbs/7419_Embraer_legacy_600_CC-r8hyvlxajonhhpamwc09c55h1ojccbvzt6getm2bkg.webp,aerovisto.com,C:\Users\rajsh\OneDrive\Desktop\MY First PYTHON\Aircraft_Images\Legacy 600\interior_01.jpg
Legacy 600,interior,https://latam.europair.com/storage/app/uploads/public/5e4/bdd/0c1/5e4bdd0c1b75f866782183.jpg,latam.europair.com,C:\Users\rajsh\OneDrive\Desktop\MY First PYTHON\Aircraft_Images\Legacy 600\interior_02.jpg
Legacy 600,interior,https://pjbcharter.com/wp-content/uploads/2017/11/Embraer-Legacy-600-1.jpg,pjbcharter.com,C:\Users\rajsh\OneDrive\Desktop\MY First PYTHON\Aircraft_Images\Legacy 600\interior_03.jpg
Legacy 600,interior,https://i.pinimg.com/originals/86/c8/af/86c8aff5c268b35e8b38bc0dcc01fc9c.jpg,i.pinimg.com,C:\Users\rajsh\OneDrive\Desktop\MY First PYTHON\Aircraft_Images\Legacy 600\interior_04.jpg
Legacy 600,interior,https://images.aircharterservice.com/global/aircraft-guide/private-charter/embraer-legacy-600-5.png,images.aircharterservice.com,C:\Users\rajsh\OneDrive\Desktop\MY First PYTHON\Aircraft_Images\Legacy 600\interior_05.jpg
Legacy 600,interior,https://aircraft.mira-aviation.com/media/2022/03/Embraer-Legacy-600-3-1.jpeg,aircraft.mira-aviation.com,C:\Users\rajsh\OneDrive\Desktop\MY First PYTHON\Aircraft_Images\Legacy 600\interior_06.jpg
Legacy 600,interior,https://starjets.net/wp-content/uploads/2016/04/Legacy_600_Super_Mid_Size_Executive_Jet_Standard_Cabin_Layout.jpg,starjets.net,C:\Users\rajsh\OneDrive\Desktop\MY First PYTHON\Aircraft_Images\Legacy 600\interior_07.jpg
Legacy 600,interior,https://www.vistajet.com/globalassets/images/aircraft/legacy-600/interior-one.jpg?width=800&height=800&mode=max,www.vistajet.com,C:\Users\rajsh\OneDrive\Desktop\MY First PYTHON\Aircraft_Images\Legacy 600\interior_08.jpg
Legacy 600,interior,https://www.bangaloreaviation.com/wp-content/uploads/2014/04/VT-AOK_Embraer_Legacy_600_DSC_8369_WM.jpg,www.bangaloreaviation.com,C:\Users\rajsh\OneDrive\Desktop\MY First PYTHON\Aircraft_Images\Legacy 600\interior_09.jpg
Legacy 600,interior,https://westpalmjetcharter.com/wp-content/uploads/2015/10/Embraer-Legacy-600-Interior.png,westpalmjetcharter.com,C:\Users\rajsh\OneDrive\Desktop\MY First PYTHON\Aircraft_Images\Legacy 600\interior_10.jpg
Legacy 1000,exterior,https://air-hamburg.de/images/stories/flotte/lineage1000e/ah_flotte_slider_lienage_exterior.jpg,air-hamburg.de,C:\Users\rajsh\OneDrive\Desktop\MY First PYTHON\Aircraft_Images\Legacy 1000\exterior_01.jpg
Legacy 1000,exterior,https://www.aircharter.com/wp-content/uploads/2014/11/Lineage1000_exterior_003_alta.jpg,www.aircharter.com,C:\Users\rajsh\OneDrive\Desktop\MY First PYTHON\Aircraft_Images\Legacy 1000\exterior_02.jpg
Legacy 1000,exterior,https://wallpapercosmos.com/w/full/0/d/1/2221606-2500x1562-desktop-hd-embraer-legacy-wallpaper.jpg,wallpapercosmos.com,C:\Users\rajsh\OneDrive\Desktop\MY First PYTHON\Aircraft_Images\Legacy 1000\exterior_03.jpg
Legacy 1000,exterior,https://wallpapercat.com/w/full/2/3/a/2221745-2953x1969-desktop-hd-embraer-legacy-wallpaper-image.jpg,wallpapercat.com,C:\Users\rajsh\OneDrive\Desktop\MY First PYTHON\Aircraft_Images\Legacy 1000\exterior_04.jpg
Legacy 1000,exterior,https://www.jetaviva.com/wp-content/uploads/2024/06/legacy-Exterior-©dbfoto3-2-2048x1366.jpg,www.jetaviva.com,C:\Users\rajsh\OneDrive\Desktop\MY First PYTHON\Aircraft_Images\Legacy 1000\exterior_05.jpg
Legacy 1000,interior,https://images.aircharterservice.com/global/aircraft-guide/private-charter/embraer-lineage-2.jpg,images.aircharterservice.com,C:\Users\rajsh\OneDrive\Desktop\MY First PYTHON\Aircraft_Images\Legacy 1000\interior_01.jpg
Legacy 1000,interior,https://www.jftjet.com/wp-content/uploads/2022/02/03-Embraer-Lineage-1000-Cabin-2.jpg,www.jftjet.com,C:\Users\rajsh\OneDrive\Desktop\MY First PYTHON\Aircraft_Images\Legacy 1000\interior_02.jpg
Legacy 1000,interior,https://aerovisto.com/wp-content/uploads/Lineage-1000_CC_2.webp,aerovisto.com,C:\Users\rajsh\OneDrive\Desktop\MY First PYTHON\Aircraft_Images\Legacy 1000\interior_03.jpg
Legacy 1000,interior,https://charter.ijm.at/app/uploads/2019/03/OE-LUV_interior-4.jpg,charter.ijm.at,C:\Users\rajsh\OneDrive\Desktop\MY First PYTHON\Aircraft_Images\Legacy 1000\interior_04.jpg
Legacy 1000,interior,https://westpalmjetcharter.com/wp-content/uploads/2015/10/Embraer-Lineage-1000-Interior.png,westpalmjetcharter.com,C:\Users\rajsh\OneDrive\Desktop\MY First PYTHON\Aircraft_Images\Legacy 1000\interior_05.jpg
Legacy 1000,interior,https://www.vipjets.com/app/uploads/2018/04/EmbraerLegacy_interior_heavy_jets-1024x683.jpg,www.vipjets.com,C:\Users\rajsh\OneDrive\Desktop\MY First PYTHON\Aircraft_Images\Legacy 1000\interior_06.jpg
Legacy 1000,interior,https://www.airsprint.com/assets/Uploads/Fleet/Embraer-Legacy-500/ASP_25_CFSJR_Interior_IMG_2242_Original_CCD_ABernal_2400pxW_FIN__FocusFillWyIwLjAwIiwiMC4wMCIsMjAwMCwxMDAwXQ.jpg,www.airsprint.com,C:\Users\rajsh\OneDrive\Desktop\MY First PYTHON\Aircraft_Images\Legacy 1000\interior_07.jpg
Legacy 1000,interior,https://www.claylacy.com/wp-content/uploads/2017/10/Embraer-Legacy-500-Cabin-Interior.jpg,www.claylacy.com,C:\Users\rajsh\OneDrive\Desktop\MY First PYTHON\Aircraft_Images\Legacy 1000\interior_08.jpg
Legacy 1000,interior,http://d16bsf97ryvc45.cloudfront.net/Media/2013/01/lineage_1000_interior.jpg,d16bsf97ryvc45.cloudfront.net,C:\Users\rajsh\OneDrive\Desktop\MY First PYTHON\Aircraft_Images\Legacy 1000\interior_09.jpg
Legacy 1000,interior,https://images.aircharterservice.com/global/aircraft-guide/private-charter/embraer-lineage-1000-3.jpg,images.aircharterservice.com,C:\Users\rajsh\OneDrive\Desktop\MY First PYTHON\Aircraft_Images\Legacy 1000\interior_10.jpg
Lineage 1000,exterior,https://air-hamburg.de/images/stories/flotte/lineage1000e/ah_flotte_slider_lienage_exterior.jpg,air-hamburg.de,C:\Users\rajsh\OneDrive\Desktop\MY First PYTHON\Aircraft_Images\Lineage 1000\exterior_01.jpg
Lineage 1000,exterior,https://the-jet-collection.com/wp-content/uploads/2023/08/Embraer-Lineage-1000-for-Charter-1568x1045.jpg,the-jet-collection.com,C:\Users\rajsh\OneDrive\Desktop\MY First PYTHON\Aircraft_Images\Lineage 1000\exterior_02.jpg
Lineage 1000,exterior,https://www.aircharter.com/wp-content/uploads/2014/11/Lineage1000_exterior_003_alta.jpg,www.aircharter.com,C:\Users\rajsh\OneDrive\Desktop\MY First PYTHON\Aircraft_Images\Lineage 1000\exterior_03.jpg
Lineage 1000,exterior,https://charterscanner.com/media/jet-library/102/large/embraer_lineage_1000-ext-2.jpg,charterscanner.com,C:\Users\rajsh\OneDrive\Desktop\MY First PYTHON\Aircraft_Images\Lineage 1000\exterior_04.jpg
Lineage 1000,exterior,https://chapmanfreeborn.aero/wp-content/uploads/2024/12/Exterior-3-edited-41.jpg,chapmanfreeborn.aero,C:\Users\rajsh\OneDrive\Desktop\MY First PYTHON\Aircraft_Images\Lineage 1000\exterior_05.jpg
Lineage 1000,interior,https://jetadvisors.com/wp-content/uploads/2022/08/Lineage_1000E_Int4-1024x617.jpg,jetadvisors.com,C:\Users\rajsh\OneDrive\Desktop\MY First PYTHON\Aircraft_Images\Lineage 1000\interior_01.jpg
Lineage 1000,interior,https://charterscanner.com/media/jet-library/102/large/embraer_lineage_1000-int-1.jpg,charterscanner.com,C:\Users\rajsh\OneDrive\Desktop\MY First PYTHON\Aircraft_Images\Lineage 1000\interior_02.jpg
Lineage 1000,interior,http://media.architecturaldigest.com/photos/564274abd33b16de31fa3fad/master/pass/embraer-lineage-1000E-private-jet-51-million-02.jpg,media.architecturaldigest.com,C:\Users\rajsh\OneDrive\Desktop\MY First PYTHON\Aircraft_Images\Lineage 1000\interior_03.jpg
Lineage 1000,interior,https://globaljetcentre.com/wp-content/uploads/2022/02/Untitled-2-1-1.jpg,globaljetcentre.com,C:\Users\rajsh\OneDrive\Desktop\MY First PYTHON\Aircraft_Images\Lineage 1000\interior_04.jpg
Lineage 1000,interior,https://monarchairgroup.com/wp-content/uploads/2016/09/Lineage_1000E_interior.jpg,monarchairgroup.com,C:\Users\rajsh\OneDrive\Desktop\MY First PYTHON\Aircraft_Images\Lineage 1000\interior_05.jpg
Lineage 1000,interior,https://westpalmjetcharter.com/wp-content/uploads/2015/10/Embraer-Lineage-1000-Interior.png,westpalmjetcharter.com,C:\Users\rajsh\OneDrive\Desktop\MY First PYTHON\Aircraft_Images\Lineage 1000\interior_06.jpg
Lineage 1000,interior,https://trilogyaviationgroup.com/wp-content/uploads/2020/01/embraer-lineage1000-jet-charter-flights-1-7.jpg,trilogyaviationgroup.com,C:\Users\rajsh\OneDrive\Desktop\MY First PYTHON\Aircraft_Images\Lineage 1000\interior_07.jpg
Lineage 1000,interior,https://www.businessjetinteriorsinternational.com/wp-content/uploads/2018/07/lineage-1000.png,www.businessjetinteriorsinternational.com,C:\Users\rajsh\OneDrive\Desktop\MY First PYTHON\Aircraft_Images\Lineage 1000\interior_08.jpg
Lineage 1000,interior,https://starjets.net/wp-content/uploads/2016/04/Lineage_1000_Ultra_Large_Private_Aircraft_Cabin.jpg,starjets.net,C:\Users\rajsh\OneDrive\Desktop\MY First PYTHON\Aircraft_Images\Lineage 1000\interior_09.jpg
Lineage 1000,interior,https://jetadvisors.com/wp-content/uploads/2022/08/Lineage_1000_Int3-1.jpg,jetadvisors.com,C:\Users\rajsh\OneDrive\Desktop\MY First PYTHON\Aircraft_Images\Lineage 1000\interior_10.jpg
Mi-172,exterior,https://cdn.jetphotos.com/full/6/718428_1766556820.jpg,cdn.jetphotos.com,C:\Users\rajsh\OneDrive\Desktop\MY First PYTHON\Aircraft_Images\Mi-172\exterior_01.jpg
Mi-172,exterior,https://cdn.jetphotos.com/full/6/1019995_1763993853.jpg,cdn.jetphotos.com,C:\Users\rajsh\OneDrive\Desktop\MY First PYTHON\Aircraft_Images\Mi-172\exterior_02.jpg
Mi-172,exterior,https://cdn.jetphotos.com/full/5/57015_1494345758.jpg,cdn.jetphotos.com,C:\Users\rajsh\OneDrive\Desktop\MY First PYTHON\Aircraft_Images\Mi-172\exterior_03.jpg
Mi-172,exterior,https://imgproc.airliners.net/photos/airliners/1/7/0/4365071.jpg?v=v41753fe66be,imgproc.airliners.net,C:\Users\rajsh\OneDrive\Desktop\MY First PYTHON\Aircraft_Images\Mi-172\exterior_04.jpg
Mi-172,exterior,https://imgproc.airliners.net/photos/airliners/3/9/3/6923393.jpg?v=v4e8dd5ef61b,imgproc.airliners.net,C:\Users\rajsh\OneDrive\Desktop\MY First PYTHON\Aircraft_Images\Mi-172\exterior_05.jpg
Mi-172,interior,https://vietnamhelitours.com/wp-content/uploads/2015/06/helicopter-MI17-vietnam2.jpg,vietnamhelitours.com,C:\Users\rajsh\OneDrive\Desktop\MY First PYTHON\Aircraft_Images\Mi-172\interior_01.jpg
Mi-172,interior,http://vietnamhelitours.com/wp-content/uploads/2015/06/helicopter-MI17-vietnam1.jpg,vietnamhelitours.com,C:\Users\rajsh\OneDrive\Desktop\MY First PYTHON\Aircraft_Images\Mi-172\interior_02.jpg
Mi-172,interior,https://c8.alamy.com/comp/2JK45D2/usti-nad-labem-czech-republic-30th-july-2022-interior-of-czech-army-helicopter-mil-mi-17-used-for-fire-fighting-in-the-czech-switzerland-national-park-sit-in-usti-nad-labem-czech-republic-july-30-2022-the-fire-in-the-czech-switzerland-np-has-been-lasting-for-seven-days-credit-vojtech-hajekctk-photoalamy-live-news-2JK45D2.jpg,c8.alamy.com,C:\Users\rajsh\OneDrive\Desktop\MY First PYTHON\Aircraft_Images\Mi-172\interior_03.jpg
Mi-172,interior,https://cdn.jetphotos.com/full/5/30335_1671691806.jpg,cdn.jetphotos.com,C:\Users\rajsh\OneDrive\Desktop\MY First PYTHON\Aircraft_Images\Mi-172\interior_04.jpg
Mi-172,interior,https://blogger.googleusercontent.com/img/b/R29vZ2xl/AVvXsEi7-i-NhSJTfvfeQM5pyrS917U3qa9s2AlcC2ootGc5i4YiAsTCa4pyO-OTFcFcN5ggxOCTJGmUVCbqFkXT19RVkdZtg28b51WpJxmHLzhyphenhyphenTHYHHZxYFeVDAnkhDL07Il_nE11u9kImuVI/s640/Mil-Mi-171E-interior.JPG,blogger.googleusercontent.com,C:\Users\rajsh\OneDrive\Desktop\MY First PYTHON\Aircraft_Images\Mi-172\interior_05.jpg
Mi-172,interior,https://1.bp.blogspot.com/-drxzm_pUxdk/XS2xJVj1TqI/AAAAAAAABrY/AhDB5s0S9yUl15LY83g1SQMMAwYct3_GgCLcBGAs/s640/Mil-Mi-171A2-interior.JPG,1.bp.blogspot.com,C:\Users\rajsh\OneDrive\Desktop\MY First PYTHON\Aircraft_Images\Mi-172\interior_06.jpg
Mi-172,interior,https://www.shutterstock.com/shutterstock/photos/254814556/display_1500/stock-photo-military-helicopter-interior-soviet-mi-helicopter-in-the-aviation-museum-near-pilsen-czech-254814556.jpg,www.shutterstock.com,C:\Users\rajsh\OneDrive\Desktop\MY First PYTHON\Aircraft_Images\Mi-172\interior_07.jpg
Mi-172,interior,https://www.bangaloreaviation.com/wp-content/uploads/2014/01/Z2384_India_Air_Force_Mil_8T_VOYK_DSC_5177WM.jpg,www.bangaloreaviation.com,C:\Users\rajsh\OneDrive\Desktop\MY First PYTHON\Aircraft_Images\Mi-172\interior_08.jpg
Mi-172,interior,https://imgproc.airliners.net/photos/airliners/3/5/9/2406953.jpg?v=v40,imgproc.airliners.net,C:\Users\rajsh\OneDrive\Desktop\MY First PYTHON\Aircraft_Images\Mi-172\interior_09.jpg
Mi-172,interior,https://24.kg/files/media/300/300541.jpg,24.kg,C:\Users\rajsh\OneDrive\Desktop\MY First PYTHON\Aircraft_Images\Mi-172\interior_10.jpg
Phenom 300,exterior,https://flyjetr.com/wp-content/uploads/2025/01/Embraer-Phenom-300-Exterior.jpeg,flyjetr.com,C:\Users\rajsh\OneDrive\Desktop\MY First PYTHON\Aircraft_Images\Phenom 300\exterior_01.jpg
Phenom 300,exterior,https://www.jetaviva.com/wp-content/uploads/2022/07/N67WG-Exterior09_mlmtuy-2048x1365.jpg,www.jetaviva.com,C:\Users\rajsh\OneDrive\Desktop\MY First PYTHON\Aircraft_Images\Phenom 300\exterior_02.jpg
Phenom 300,exterior,https://cdn.avbuyer.com/live/uploads/image/359401_359500/aircraft-private-jets-embraer-phenom-300-359486_6adb1c9176faadf5.jpg,cdn.avbuyer.com,C:\Users\rajsh\OneDrive\Desktop\MY First PYTHON\Aircraft_Images\Phenom 300\exterior_03.jpg
Phenom 300,exterior,https://chapmanfreeborn.aero/wp-content/uploads/2024/12/Exterior-1-edited-1-6.jpg,chapmanfreeborn.aero,C:\Users\rajsh\OneDrive\Desktop\MY First PYTHON\Aircraft_Images\Phenom 300\exterior_04.jpg
Phenom 300,exterior,https://cdn.avbuyer.com/live/uploads/image/367501_367600/aircraft-private-jets-embraer-phenom-300-367584_67fbac57ecc85a6d_600X370.jpg,cdn.avbuyer.com,C:\Users\rajsh\OneDrive\Desktop\MY First PYTHON\Aircraft_Images\Phenom 300\exterior_05.jpg
Phenom 300,interior,http://infoaeroquebec.net/wp-content/uploads/2017/10/P300_DNA_Brochure_-_8k_View_detail.jpg,infoaeroquebec.net,C:\Users\rajsh\OneDrive\Desktop\MY First PYTHON\Aircraft_Images\Phenom 300\interior_01.jpg
Phenom 300,interior,https://c.flyradius.com/images/embraer-phenom-300/phenom-300-interior.jpg,c.flyradius.com,C:\Users\rajsh\OneDrive\Desktop\MY First PYTHON\Aircraft_Images\Phenom 300\interior_02.jpg
Phenom 300,interior,https://chapmanfreeborn.aero/wp-content/uploads/2024/12/Interior-1-7.jpg,chapmanfreeborn.aero,C:\Users\rajsh\OneDrive\Desktop\MY First PYTHON\Aircraft_Images\Phenom 300\interior_03.jpg
Phenom 300,interior,http://static2.businessinsider.com/image/59dba96692406c83048b4e53-1200/at-the-back-of-the-cabin-are-a-divan-and-galley.jpg,static2.businessinsider.com,C:\Users\rajsh\OneDrive\Desktop\MY First PYTHON\Aircraft_Images\Phenom 300\interior_04.jpg
Phenom 300,interior,https://airplanesupdate.com/wp-content/uploads/2020/04/embraer-phenom-300-spy-photos-1.jpg,airplanesupdate.com,C:\Users\rajsh\OneDrive\Desktop\MY First PYTHON\Aircraft_Images\Phenom 300\interior_05.jpg
Phenom 300,interior,https://l33jets.com/wp-content/uploads/elementor/thumbs/Latitude-33-Aviation-Embraer-Phenom-300-Interior-Optimized-1-pv2b3yqrxnhxisxctgfnlu5bv34av5irlobt3p78ts.jpg,l33jets.com,C:\Users\rajsh\OneDrive\Desktop\MY First PYTHON\Aircraft_Images\Phenom 300\interior_06.jpg
Phenom 300,interior,https://jetadvisors.com/wp-content/uploads/2022/08/Phenom_300_Int1-1024x684.jpg,jetadvisors.com,C:\Users\rajsh\OneDrive\Desktop\MY First PYTHON\Aircraft_Images\Phenom 300\interior_07.jpg
Phenom 300,interior,https://cdn-defesaaereanaval.nuneshost.com/wp-content/uploads/2015/06/Phenom_300_light_executive_Jet-cabin.jpg,cdn-defesaaereanaval.nuneshost.com,C:\Users\rajsh\OneDrive\Desktop\MY First PYTHON\Aircraft_Images\Phenom 300\interior_08.jpg
Phenom 300,interior,https://www.paneuropeenne.com/wp-content/uploads/2021/01/interieur-phenom300.jpg,www.paneuropeenne.com,C:\Users\rajsh\OneDrive\Desktop\MY First PYTHON\Aircraft_Images\Phenom 300\interior_09.jpg
Phenom 300,interior,https://media.gettyimages.com/id/168012608/photo/the-interior-of-a-new-netjets-inc-embraer-phenom-300-jet-is-seen-in-the-signature-fight.jpg?s=612x612&w=gi&k=20&c=B0Kz3fhdWu34YZcueLvBeTiuhf6qpRdQJZS8qLXl1H4=,media.gettyimages.com,C:\Users\rajsh\OneDrive\Desktop\MY First PYTHON\Aircraft_Images\Phenom 300\interior_10.jpg
AS350B3,exterior,http://as-net.jp/soft/hanbai200/help/images/02_01-001_kokyaku_g.jpg,as-net.jp,C:\Users\rajsh\OneDrive\Desktop\MY First PYTHON\Aircraft_Images\AS350B3\exterior_01.jpg
AW109,interior,https://assets.paramountbusinessjets.com/media/Aircrafts/AgustaWestland_AW-109SP_interior2.jpg,assets.paramountbusinessjets.com,C:\Users\rajsh\OneDrive\Desktop\MY First PYTHON\Aircraft_Images\AW109\interior_01.jpg
AW109,interior,https://www.agusta.com/uploads/media/250c197ae931a067bb049338f869d9f6.jpg,www.agusta.com,C:\Users\rajsh\OneDrive\Desktop\MY First PYTHON\Aircraft_Images\AW109\interior_02.jpg
AW109,interior,https://helisicily.com/wp-content/uploads/2024/05/CZAY7064.jpg,helisicily.com,C:\Users\rajsh\OneDrive\Desktop\MY First PYTHON\Aircraft_Images\AW109\interior_03.jpg
AW109,interior,https://www.chopperspotter.com/wp-content/uploads/2022/02/Augusta-Westland-AW109-Grand-Versace-VIP-Interior.png,www.chopperspotter.com,C:\Users\rajsh\OneDrive\Desktop\MY First PYTHON\Aircraft_Images\AW109\interior_04.jpg
AW109,interior,https://cdn.avbuyer.com/live/uploads/image/371101_371200/aircraft-helicopter-turbine-leonardo-aw109sp-grand-new-371145_19437ae4bfc12297.jpg,cdn.avbuyer.com,C:\Users\rajsh\OneDrive\Desktop\MY First PYTHON\Aircraft_Images\AW109\interior_05.jpg
AW109,interior,https://1.bp.blogspot.com/-VAZ139X-Nis/XcmVFSED0rI/AAAAAAAACt4/REaQyr51cBY6TwZLGPc5cx-vvcBwS-IIQCEwYBhgL/s640/AgustaWestland-AW109-Power-cockpit.JPG,1.bp.blogspot.com,C:\Users\rajsh\OneDrive\Desktop\MY First PYTHON\Aircraft_Images\AW109\interior_06.jpg
AW109,interior,https://1.bp.blogspot.com/-NVWU6RIlfSs/XSm4DSDif6I/AAAAAAAABm8/eFeKa30BS6E61eaXdRWP4ieD7o8xbY0fQCEwYBhgL/s640/AgustaWestland-AW109-Trekker-cockpit.JPG,1.bp.blogspot.com,C:\Users\rajsh\OneDrive\Desktop\MY First PYTHON\Aircraft_Images\AW109\interior_07.jpg
AW109,interior,https://c8.alamy.com/comp/M9GKDG/interior-panorama-of-an-agusta-109-helicopter-with-cream-leather-seating-empty-interior-with-a-view-showing-height-visible-through-windows-M9GKDG.jpg,c8.alamy.com,C:\Users\rajsh\OneDrive\Desktop\MY First PYTHON\Aircraft_Images\AW109\interior_08.jpg
AW109,interior,https://ifly.gr/wp-content/uploads/agusta-109-power-elite-sx-hgv-interior-rear-seats.jpg,ifly.gr,C:\Users\rajsh\OneDrive\Desktop\MY First PYTHON\Aircraft_Images\AW109\interior_09.jpg
AW109,interior,https://hai-air.com/storage/media/178/Agusta-Leonardo-AW109SP-For-Sale-Interior-1.jpg,hai-air.com,C:\Users\rajsh\OneDrive\Desktop\MY First PYTHON\Aircraft_Images\AW109\interior_10.jpg
Airbus H145,interior,https://www.airbus.com/sites/g/files/jlcbta136/files/2021-11/ACH145-vegan-interior-1_0.jpg,www.airbus.com,C:\Users\rajsh\OneDrive\Desktop\MY First PYTHON\Aircraft_Images\Airbus H145\interior_01.jpg
Airbus H145,interior,https://aircraft-completion.com/wp-content/uploads/Airbus-h145-Interior-4.jpg,aircraft-completion.com,C:\Users\rajsh\OneDrive\Desktop\MY First PYTHON\Aircraft_Images\Airbus H145\interior_02.jpg
Airbus H145,interior,"https://sp-ao.shortpixel.ai/client/to_auto,q_glossy,ret_img/https://kulljet.aero/wp-content/uploads/2022/08/AIRBUS-H145-09.jpg",sp-ao.shortpixel.ai,C:\Users\rajsh\OneDrive\Desktop\MY First PYTHON\Aircraft_Images\Airbus H145\interior_03.jpg
Airbus H145,interior,https://maceaero.com/wp-content/uploads/2021/03/IMG_1384-scaled.jpg,maceaero.com,C:\Users\rajsh\OneDrive\Desktop\MY First PYTHON\Aircraft_Images\Airbus H145\interior_04.jpg
Airbus H145,interior,"https://airbus-h.assetsadobe2.com/is/image/content/dam/channel-specific/website-/products-and-services/helicopters/H145-10-pax-configuration-hd.png?wid=1920&fit=fit,1&qlt=85,0",airbus-h.assetsadobe2.com,C:\Users\rajsh\OneDrive\Desktop\MY First PYTHON\Aircraft_Images\Airbus H145\interior_05.jpg
Airbus H145,interior,"https://airbus-h.assetsadobe2.com/is/image/content/dam/channel-specific/website-/products-and-services/helicopters/H145-EMS-configuration-hd.png?wid=1920&fit=fit,1&qlt=85,0",airbus-h.assetsadobe2.com,C:\Users\rajsh\OneDrive\Desktop\MY First PYTHON\Aircraft_Images\Airbus H145\interior_06.jpg
Airbus H145,interior,"https://airbus-h.assetsadobe2.com/is/image/content/dam/channel-specific/website-/products-and-services/helicopters/H145-offshore-transportation-configuration-hd.png?wid=1920&fit=fit,1&qlt=85,0",airbus-h.assetsadobe2.com,C:\Users\rajsh\OneDrive\Desktop\MY First PYTHON\Aircraft_Images\Airbus H145\interior_07.jpg
Airbus H145,interior,https://p.turbosquid.com/ts-thumb/4V/Dd148t/8O60DizA/airbushelicoptersh145withinterior3dsmodel004/jpg/1542651221/1920x1080/fit_q87/c6a2a5655268a78d56f546a244e8fcfe6c74bc14/airbushelicoptersh145withinterior3dsmodel004.jpg,p.turbosquid.com,C:\Users\rajsh\OneDrive\Desktop\MY First PYTHON\Aircraft_Images\Airbus H145\interior_08.jpg
Airbus H145,interior,https://aerolite.ch/userfiles/images/galleries/H145/H145_3_1000.jpg,aerolite.ch,C:\Users\rajsh\OneDrive\Desktop\MY First PYTHON\Aircraft_Images\Airbus H145\interior_09.jpg
Airbus H145,interior,https://blogger.googleusercontent.com/img/b/R29vZ2xl/AVvXsEgsqRpG-jV0U4CvNXhTDQX5dzTW8DMp70w7Eb6pK6H7Dp8heu1WT2BPxgtg_5t5NzewLNXhcw5IhrefIehtxgcfc5t7C9r9ltar8AxJivbG-TvM_8yxeJpAv0yJClN-9UEnNarlNUVH3aY/s640/Airbus-H145-cockpit.JPG,blogger.googleusercontent.com,C:\Users\rajsh\OneDrive\Desktop\MY First PYTHON\Aircraft_Images\Airbus H145\interior_10.jpg
Bell 412,interior,https://tadistributors.com/wp-content/uploads/2018/02/Bell-412-corp-IMG_7795.jpg,tadistributors.com,C:\Users\rajsh\OneDrive\Desktop\MY First PYTHON\Aircraft_Images\Bell 412\interior_02.jpg
Bell 412,interior,https://1.bp.blogspot.com/-r1vXW11CDTM/XScb6jxkHII/AAAAAAAABi8/Wb3HfIo8dFQPgQySaPVtubiEoINzuR2uQCEwYBhgL/s640/Bell-412EP-interior.JPG,1.bp.blogspot.com,C:\Users\rajsh\OneDrive\Desktop\MY First PYTHON\Aircraft_Images\Bell 412\interior_03.jpg
Bell 412,interior,http://portinteriors.com/wp-content/uploads/2017/12/Bell-412-1600-2013-2706.jpg,portinteriors.com,C:\Users\rajsh\OneDrive\Desktop\MY First PYTHON\Aircraft_Images\Bell 412\interior_04.jpg
Bell 412,interior,https://resources.globalair.com/specs/images/Helicopter/Bell/Bell/412-HP/Interior/int2.jpg?w=650&h=430&mode=max,resources.globalair.com,C:\Users\rajsh\OneDrive\Desktop\MY First PYTHON\Aircraft_Images\Bell 412\interior_05.jpg
Bell 412,interior,https://www.helicopterbuyer.com/userfiles/files/EMS_Cabin(972).jpg,www.helicopterbuyer.com,C:\Users\rajsh\OneDrive\Desktop\MY First PYTHON\Aircraft_Images\Bell 412\interior_06.jpg
Bell 412,interior,https://www.shutterstock.com/image-photo/maribor-slovenia-august-15-2021-260nw-2028264803.jpg,www.shutterstock.com,C:\Users\rajsh\OneDrive\Desktop\MY First PYTHON\Aircraft_Images\Bell 412\interior_07.jpg
Bell 412,interior,https://jetav.s3.amazonaws.com/Media/2013/Helicopter+Pages/bell+ab-412/ab412_interior.jpg,jetav.s3.amazonaws.com,C:\Users\rajsh\OneDrive\Desktop\MY First PYTHON\Aircraft_Images\Bell 412\interior_08.jpg
Bell 412,interior,https://www.bellflight.com/-/media/bynder/products/412/be412_interior-webstd.jpg?la=en&h=418&w=600&mw=600&hash=A3D947BDA60B123FA48D8FB4E97E730E,www.bellflight.com,C:\Users\rajsh\OneDrive\Desktop\MY First PYTHON\Aircraft_Images\Bell 412\interior_09.jpg
Bell 412,interior,https://1.bp.blogspot.com/-5jkWkxiROVU/XSca-uu5JPI/AAAAAAAABio/Z1BApmXusfo_IqzzAZzxn8S51nzfsx4pgCLcBGAs/s640/Bell-412EPI-cockpit.JPG,1.bp.blogspot.com,C:\Users\rajsh\OneDrive\Desktop\MY First PYTHON\Aircraft_Images\Bell 412\interior_10.jpg
Bell 429,exterior,https://assets.paramountbusinessjets.com/media/Aircrafts/Bell_429_GlobalRanger_exterior2.jpg,assets.paramountbusinessjets.com,C:\Users\rajsh\OneDrive\Desktop\MY First PYTHON\Aircraft_Images\Bell 429\exterior_02.jpg
Bell 429,exterior,https://cdn.avbuyer.com/live/uploads/image/371301_371400/aircraft-helicopter-turbine-bell-helicopters-429-371387_ed0d7348ac4cd63a.jpg,cdn.avbuyer.com,C:\Users\rajsh\OneDrive\Desktop\MY First PYTHON\Aircraft_Images\Bell 429\exterior_03.jpg
Bell 429,exterior,https://cdn.avbuyer.com/live/uploads/image/371701_371800/aircraft-helicopter-turbine-bell-helicopters-429-371705_7913462cd44d81e4.jpg,cdn.avbuyer.com,C:\Users\rajsh\OneDrive\Desktop\MY First PYTHON\Aircraft_Images\Bell 429\exterior_04.jpg
Bell 429,exterior,http://1.bp.blogspot.com/-2bTC9cgwONQ/T9HzvSQtUnI/AAAAAAAAD64/AT56WYbN8Zk/s1600/Bell+429+GlobalRanger+Helicopter+(8).jpg,1.bp.blogspot.com,C:\Users\rajsh\OneDrive\Desktop\MY First PYTHON\Aircraft_Images\Bell 429\exterior_05.jpg
Citation XLS,exterior,https://www.claylacy.com/wp-content/uploads/2016/06/N768LP_Exterior-1.jpg,www.claylacy.com,C:\Users\rajsh\OneDrive\Desktop\MY First PYTHON\Aircraft_Images\Citation XLS\exterior_02.jpg
Citation XLS,exterior,http://www.axonaviation.com/images/uploads/Cessna_Citation_XLS_exterior.png?t=12345,www.axonaviation.com,C:\Users\rajsh\OneDrive\Desktop\MY First PYTHON\Aircraft_Images\Citation XLS\exterior_03.jpg
Citation XLS,exterior,https://air-hamburg.de/images/stories/flotte/xls/ah_flotte_slider_xlsplus_4.jpg,air-hamburg.de,C:\Users\rajsh\OneDrive\Desktop\MY First PYTHON\Aircraft_Images\Citation XLS\exterior_04.jpg
Citation XLS,exterior,https://airstreamjets.com/wp-content/uploads/2020/05/cessna-citation-xls_exterior.jpg,airstreamjets.com,C:\Users\rajsh\OneDrive\Desktop\MY First PYTHON\Aircraft_Images\Citation XLS\exterior_05.jpg
EC130T2,exterior,https://storage.googleapis.com/limecube-live-c760799c/thumb/EC130-Exterior_w1920_fwidth.jpeg,storage.googleapis.com,C:\Users\rajsh\OneDrive\Desktop\MY First PYTHON\Aircraft_Images\EC130T2\exterior_02.jpg
EC130T2,exterior,https://www.heliairgreece.com/airbus-ec130/airbus-ec130/,www.heliairgreece.com,C:\Users\rajsh\OneDrive\Desktop\MY First PYTHON\Aircraft_Images\EC130T2\exterior_03.jpg
EC130T2,exterior,https://cdn.avbuyer.com/live/uploads/image/371201_371300/aircraft-helicopter-turbine-airbus-eurocopter-ec-130b4-371250_a345c82db6838ef7.jpg,cdn.avbuyer.com,C:\Users\rajsh\OneDrive\Desktop\MY First PYTHON\Aircraft_Images\EC130T2\exterior_04.jpg
EC130T2,exterior,https://cdn.avbuyer.com/live/uploads/image/365001_365100/aircraft-helicopter-turbine-airbus-eurocopter-ec-130-365096_d704cc7fbc0d5955.jpg,cdn.avbuyer.com,C:\Users\rajsh\OneDrive\Desktop\MY First PYTHON\Aircraft_Images\EC130T2\exterior_05.jpg
H145,exterior,https://cdn.avbuyer.com/live/uploads/image/369801_369900/aircraft-helicopter-turbine-airbus-h145-369854_a5a3c6bccd5a5236.jpg,cdn.avbuyer.com,C:\Users\rajsh\OneDrive\Desktop\MY First PYTHON\Aircraft_Images\H145\exterior_01.jpg
H145,exterior,"https://sp-ao.shortpixel.ai/client/to_auto,q_glossy,ret_img/https://kulljet.aero/wp-content/uploads/2022/08/hpg-airbus-h145-private-corporate-m-sola-real-8k-luxvar-QvD2H.webp",sp-ao.shortpixel.ai,C:\Users\rajsh\OneDrive\Desktop\MY First PYTHON\Aircraft_Images\H145\exterior_02.jpg
H145,exterior,https://resources.globalair.com/aircraftforsale/images/ads/138652_22_AirbusH145_sn21117-Ext1.jpg?mode=pad&bgcolor=white,resources.globalair.com,C:\Users\rajsh\OneDrive\Desktop\MY First PYTHON\Aircraft_Images\H145\exterior_03.jpg
H145,exterior,https://imgproc.airliners.net/photos/airliners/3/8/9/6072983.jpg?v=v4f9b070197a,imgproc.airliners.net,C:\Users\rajsh\OneDrive\Desktop\MY First PYTHON\Aircraft_Images\H145\exterior_04.jpg
H145,exterior,https://resources.globalair.com/aircraftforsale/images/ads/138095_EC145_Images_(2)_kopiera_2.png?mode=pad&bgcolor=white,resources.globalair.com,C:\Users\rajsh\OneDrive\Desktop\MY First PYTHON\Aircraft_Images\H145\exterior_05.jpg
King Air,exterior,https://cdn.avbuyer.com/live/uploads/image/373301_373400/aircraft-turboprops-beechcraft-king-air-b200-373382_64ce33cafa60c7f2.jpg,cdn.avbuyer.com,C:\Users\rajsh\OneDrive\Desktop\MY First PYTHON\Aircraft_Images\King Air\exterior_02.jpg
King Air,exterior,https://avpay.aero/wp-content/uploads/1977-Beechcraft-King-Air-E90-For-Sale-In-Oklahoma-N439WA-From-Tern-Jets-On-AvPay-aircraft-exterior-front-left.jpg,avpay.aero,C:\Users\rajsh\OneDrive\Desktop\MY First PYTHON\Aircraft_Images\King Air\exterior_03.jpg
King Air,exterior,https://cdn.avbuyer.com/live/uploads/image/372801_372900/aircraft-turboprops-beechcraft-king-air-350i-372826_c63b99e83840a91a.jpg,cdn.avbuyer.com,C:\Users\rajsh\OneDrive\Desktop\MY First PYTHON\Aircraft_Images\King Air\exterior_04.jpg
King Air,exterior,https://jetvip.com/media/models/42059/1ddba143906bc24f578bd461389241da.jpg,jetvip.com,C:\Users\rajsh\OneDrive\Desktop\MY First PYTHON\Aircraft_Images\King Air\exterior_05.jpg
King Air B200,exterior,https://resources.globalair.com/aircraftforsale/images/ads/91749_N555FW_Web_Exterior.jpeg,resources.globalair.com,C:\Users\rajsh\OneDrive\Desktop\MY First PYTHON\Aircraft_Images\King Air B200\exterior_01.jpg
King Air B200,exterior,https://assets-global.website-files.com/5d7d7c65a3db08693234410b/6257064ce7f04e56853000cc_King+Air+Exterior+TPA-2-p-1080.jpg,assets-global.website-files.com,C:\Users\rajsh\OneDrive\Desktop\MY First PYTHON\Aircraft_Images\King Air B200\exterior_02.jpg
King Air B200,exterior,https://mobilehomes.s3.amazonaws.com/photo/58/580f/580f8967-f2ab-4db9-8eed-fc74b8215759.jpg,mobilehomes.s3.amazonaws.com,C:\Users\rajsh\OneDrive\Desktop\MY First PYTHON\Aircraft_Images\King Air B200\exterior_03.jpg
King Air B200,exterior,https://cdn.avbuyer.com/live/uploads/image/369001_369100/aircraft-turboprops-beechcraft-king-air-b200-369048_4f89ba271dc07e93_350X200_c.jpg,cdn.avbuyer.com,C:\Users\rajsh\OneDrive\Desktop\MY First PYTHON\Aircraft_Images\King Air B200\exterior_04.jpg
King Air B200,exterior,https://www.bjtonline.com/sites/bjtonline.com/files/styles/bjt30_article_large/public/aircraft/15823-b200-sczip-2-screenshot495jpg.jpg?itok=dy5o6Wb4,www.bjtonline.com,C:\Users\rajsh\OneDrive\Desktop\MY First PYTHON\Aircraft_Images\King Air B200\exterior_05.jpg
EMB-135BJ Legacy,exterior,https://www.avconjet.at/wp-content/uploads/2023/02/AvconJet_OE-IBK_legacy600_exterior1-scaled.jpg,www.avconjet.at,C:\Users\rajsh\OneDrive\Desktop\MY First PYTHON\Aircraft_Images\EMB-135BJ Legacy\exterior_05.jpg
A109S,exterior,https://www.bousai.city.kyoto.lg.jp/cmsfiles/contents/0000000/175/suigai.PNG,www.bousai.city.kyoto.lg.jp,C:\Users\rajsh\OneDrive\Desktop\MY First PYTHON\Aircraft_Images\A109S\exterior_01.jpg
Dash 8,exterior,https://dehavilland.com/wp-content/uploads/2024/08/Dash-8-100_Right1-scaled.jpg,dehavilland.com,C:\Users\rajsh\OneDrive\Desktop\MY First PYTHON\Aircraft_Images\Dash 8\exterior_01.jpg
Dash 8,exterior,https://dehavilland.com/wp-content/uploads/2024/03/dash-8-400-front-hi-res-scaled.jpg,dehavilland.com,C:\Users\rajsh\OneDrive\Desktop\MY First PYTHON\Aircraft_Images\Dash 8\exterior_02.jpg
Dash 8,exterior,https://c.flyradius.com/images/stories/bombardier-q400/de-havilland-dhc-8-400.jpg,c.flyradius.com,C:\Users\rajsh\OneDrive\Desktop\MY First PYTHON\Aircraft_Images\Dash 8\exterior_03.jpg
Dash 8,exterior,https://vignette.wikia.nocookie.net/aircraft/images/f/fd/Jetstar_Dash_8-311Q_VH-TQL_Auckland_International_Airport.jpeg/revision/latest/scale-to-width-down/2000?cb=20200421000743,vignette.wikia.nocookie.net,C:\Users\rajsh\OneDrive\Desktop\MY First PYTHON\Aircraft_Images\Dash 8\exterior_04.jpg
Dash 8,exterior,https://c8.alamy.com/comp/GJEH0A/flybe-de-havilland-canada-dhc-8-402q-dash-8-aircraft-GJEH0A.jpg,c8.alamy.com,C:\Users\rajsh\OneDrive\Desktop\MY First PYTHON\Aircraft_Images\Dash 8\exterior_05.jpg
A109S,exterior,https://tblg.k-img.com/restaurant/images/Rvw/31164/6b71711e18f2c89dccbad0a2583e8d46.jpg,tblg.k-img.com,C:\Users\rajsh\OneDrive\Desktop\MY First PYTHON\Aircraft_Images\A109S\exterior_02.jpg
AS350B3,exterior,https://starsunfolded.com/wp-content/uploads/2015/08/Nana-Patekar-Filmfare-Award.jpg,starsunfolded.com,C:\Users\rajsh\OneDrive\Desktop\MY First PYTHON\Aircraft_Images\AS350B3\exterior_02.jpg
Gulfstream GVI,exterior,https://www.iagjets.com/wp-content/uploads/2025/06/SN6145-Exterior1-39.jpg,www.iagjets.com,C:\Users\rajsh\OneDrive\Desktop\MY First PYTHON\Aircraft_Images\Gulfstream GVI\exterior_02.jpg
Gulfstream GVI,exterior,https://cdn.avbuyer.com/live/uploads/image/371601_371700/aircraft-private-jets-gulfstream-g650er-371619_f7b377bb777ae0ba.jpg,cdn.avbuyer.com,C:\Users\rajsh\OneDrive\Desktop\MY First PYTHON\Aircraft_Images\Gulfstream GVI\exterior_03.jpg
Gulfstream GVI,exterior,https://www.iagjets.com/wp-content/uploads/2019/12/IMG_1496-4_Gallery.jpg,www.iagjets.com,C:\Users\rajsh\OneDrive\Desktop\MY First PYTHON\Aircraft_Images\Gulfstream GVI\exterior_04.jpg
Gulfstream GVI,exterior,https://www.axiomav.com/wp-content/uploads/2025/08/1-Exterior.jpg,www.axiomav.com,C:\Users\rajsh\OneDrive\Desktop\MY First PYTHON\Aircraft_Images\Gulfstream GVI\exterior_05.jpg
A109S,exterior,https://aerocorner.com/wp-content/uploads/2021/06/Agusta-Westland-AW109-Power-730x357.jpg,aerocorner.com,C:\Users\rajsh\OneDrive\Desktop\MY First PYTHON\Aircraft_Images\A109S\exterior_03.jpg
A109S,exterior,https://www.helicopterprivateservices.com/wp-content/uploads/2015/04/A109P-Exterior.jpg,www.helicopterprivateservices.com,C:\Users\rajsh\OneDrive\Desktop\MY First PYTHON\Aircraft_Images\A109S\exterior_04.jpg
A109S,exterior,https://cdn.avbuyer.com/live/uploads/image/364001_364100/aircraft-helicopter-turbine-agusta-a109e-power-364083_a91745dee945a330.jpg,cdn.avbuyer.com,C:\Users\rajsh\OneDrive\Desktop\MY First PYTHON\Aircraft_Images\A109S\exterior_05.jpg
